-- Generated by Craft v2.4.2682 on Dec 23, 2015, 6:59:37 PM.

--
-- Disable foreign key checks and autocommit.
--

SET FOREIGN_KEY_CHECKS = 0;
SET SQL_MODE = "NO_AUTO_VALUE_ON_ZERO";
SET AUTOCOMMIT = 0;
SET NAMES utf8;


DROP TABLE IF EXISTS `craft_assetfiles`;


--
-- Schema for table `craft_assetfiles`
--
CREATE TABLE `craft_assetfiles` (
  `id` int(11) NOT NULL,
  `sourceId` int(11) DEFAULT NULL,
  `folderId` int(11) NOT NULL,
  `filename` varchar(255) COLLATE utf8_unicode_ci NOT NULL,
  `kind` varchar(50) COLLATE utf8_unicode_ci NOT NULL DEFAULT 'unknown',
  `width` smallint(6) unsigned DEFAULT NULL,
  `height` smallint(6) unsigned DEFAULT NULL,
  `size` int(11) unsigned DEFAULT NULL,
  `dateModified` datetime DEFAULT NULL,
  `dateCreated` datetime NOT NULL,
  `dateUpdated` datetime NOT NULL,
  `uid` char(36) COLLATE utf8_unicode_ci NOT NULL DEFAULT '0',
  PRIMARY KEY (`id`),
  UNIQUE KEY `craft_assetfiles_filename_folderId_unq_idx` (`filename`,`folderId`),
  KEY `craft_assetfiles_sourceId_fk` (`sourceId`),
  KEY `craft_assetfiles_folderId_fk` (`folderId`)
) ENGINE=InnoDB DEFAULT CHARSET=utf8 COLLATE=utf8_unicode_ci;

--
-- Data for table `craft_assetfiles`
--

INSERT INTO `craft_assetfiles` (`id`, `sourceId`, `folderId`, `filename`, `kind`, `width`, `height`, `size`, `dateModified`, `dateCreated`, `dateUpdated`, `uid`) VALUES
 ('5', '1', '1', 'careers-hero.jpg', 'image', '1422', '800', '153186', '2015-12-16 19:16:37', '2015-08-17 18:32:43', '2015-12-16 19:16:42', 'e6ea94b3-9d0e-42dc-a351-cd118658a40f'),
 ('9', '1', '1', 'column-cta-1.png', 'image', '839', '600', '14517', '2015-08-17 18:47:15', '2015-08-17 18:47:16', '2015-08-17 18:47:16', '3f30bf5b-82fb-4a41-832b-2ab66e21cf8f'),
 ('11', '1', '1', 'corporate.png', 'image', '158', '129', '5644', '2015-08-17 19:03:52', '2015-08-17 19:03:54', '2015-08-17 19:03:54', '8e8eea5e-d2e2-40a6-86af-8ed15008ebd6'),
 ('22', '1', '1', 'video-callout.jpg', 'image', '779', '779', '51380', '2015-08-17 21:07:40', '2015-08-17 21:07:42', '2015-08-17 21:07:42', '9beae81c-e431-4b21-8d1c-fab568b47cf5'),
 ('53', '1', '1', 'fpo-whatwedo.svg', 'image', '619', '279', '3963', '2015-12-17 15:31:24', '2015-12-17 15:31:24', '2015-12-17 15:31:24', '64003562-1fe0-4339-87cd-2ee723ce77e8'),
 ('54', '1', '1', 'careers_profiles_jihan.jpg', 'image', '467', '460', '132429', '2015-12-22 18:35:46', '2015-12-22 18:35:46', '2015-12-22 18:35:46', '6d9c1b4f-3d86-4d2e-a473-a35bc070a6ac'),
 ('55', '1', '1', 'careers_profiles_adi.jpg', 'image', '467', '460', '132564', '2015-12-22 18:43:16', '2015-12-22 18:43:16', '2015-12-22 18:43:16', '03826f36-4145-4441-bf91-8894b84ba944'),
 ('56', '1', '1', 'careers_profiles_vince.jpg', 'image', '467', '460', '73362', '2015-12-22 18:43:33', '2015-12-22 18:43:33', '2015-12-22 18:43:33', '357769fc-d221-42fc-a8e6-fd1dc9db5ccf'),
 ('57', '1', '1', 'careers_teams.jpg', 'image', '700', '650', '114843', '2015-12-23 18:20:23', '2015-12-22 21:23:14', '2015-12-23 18:20:30', 'b40f3a33-3903-4111-92cb-7996272bf1c0'),
 ('58', '1', '1', 'careers_perks.jpg', 'image', '583', '650', '132744', '2015-12-23 18:20:22', '2015-12-22 21:30:00', '2015-12-23 18:20:29', 'fc190c55-41c8-4be2-bbf2-2deee54e4fb1'),
 ('60', '1', '1', 'careers_locations.jpg', 'image', '1400', '650', '169903', '2015-12-23 18:20:24', '2015-12-22 22:03:09', '2015-12-23 18:20:30', '2a10e292-fda2-41cd-a520-08bf9cdff659'),
 ('63', '1', '1', 'office_sf.svg', 'image', '308', '308', '9955', '2015-12-23 00:14:36', '2015-12-23 00:14:36', '2015-12-23 00:14:36', 'cb2faa61-27a8-449d-bdef-2f140248f221'),
 ('64', '1', '1', 'office_montreal.svg', 'image', '308', '308', '12284', '2015-12-23 00:14:51', '2015-12-23 00:14:51', '2015-12-23 00:14:51', 'cc48b51b-f756-4c95-9351-fc016be10527'),
 ('65', '1', '1', 'office_munich.svg', 'image', '308', '308', '8733', '2015-12-23 00:15:07', '2015-12-23 00:15:07', '2015-12-23 00:15:07', 'c410fec5-0cbb-4551-8328-b7340ea6e398');




DROP TABLE IF EXISTS `craft_assetfolders`;


--
-- Schema for table `craft_assetfolders`
--
CREATE TABLE `craft_assetfolders` (
  `id` int(11) NOT NULL AUTO_INCREMENT,
  `parentId` int(11) DEFAULT NULL,
  `sourceId` int(11) DEFAULT NULL,
  `name` varchar(255) COLLATE utf8_unicode_ci NOT NULL,
  `path` varchar(255) COLLATE utf8_unicode_ci DEFAULT NULL,
  `dateCreated` datetime NOT NULL,
  `dateUpdated` datetime NOT NULL,
  `uid` char(36) COLLATE utf8_unicode_ci NOT NULL DEFAULT '0',
  PRIMARY KEY (`id`),
  UNIQUE KEY `craft_assetfolders_name_parentId_sourceId_unq_idx` (`name`,`parentId`,`sourceId`),
  KEY `craft_assetfolders_parentId_fk` (`parentId`),
  KEY `craft_assetfolders_sourceId_fk` (`sourceId`)
) ENGINE=InnoDB AUTO_INCREMENT=2 DEFAULT CHARSET=utf8 COLLATE=utf8_unicode_ci;

--
-- Data for table `craft_assetfolders`
--

INSERT INTO `craft_assetfolders` (`id`, `parentId`, `sourceId`, `name`, `path`, `dateCreated`, `dateUpdated`, `uid`) VALUES
 ('1', NULL, '1', 'imgs', '', '2015-08-17 18:32:22', '2015-08-17 18:32:22', 'c2b620ed-d3f0-440e-81d6-528924ff9b09');




DROP TABLE IF EXISTS `craft_assetindexdata`;


--
-- Schema for table `craft_assetindexdata`
--
CREATE TABLE `craft_assetindexdata` (
  `id` int(11) NOT NULL AUTO_INCREMENT,
  `sessionId` varchar(36) COLLATE utf8_unicode_ci NOT NULL DEFAULT '',
  `sourceId` int(10) NOT NULL,
  `offset` int(10) NOT NULL,
  `uri` varchar(255) COLLATE utf8_unicode_ci DEFAULT NULL,
  `size` int(10) DEFAULT NULL,
  `recordId` int(10) DEFAULT NULL,
  `dateCreated` datetime NOT NULL,
  `dateUpdated` datetime NOT NULL,
  `uid` char(36) COLLATE utf8_unicode_ci NOT NULL DEFAULT '0',
  PRIMARY KEY (`id`),
  UNIQUE KEY `craft_assetindexdata_sessionId_sourceId_offset_unq_idx` (`sessionId`,`sourceId`,`offset`),
  KEY `craft_assetindexdata_sourceId_fk` (`sourceId`)
) ENGINE=InnoDB DEFAULT CHARSET=utf8 COLLATE=utf8_unicode_ci;

DROP TABLE IF EXISTS `craft_assetsources`;


--
-- Schema for table `craft_assetsources`
--
CREATE TABLE `craft_assetsources` (
  `id` int(11) NOT NULL AUTO_INCREMENT,
  `name` varchar(255) COLLATE utf8_unicode_ci NOT NULL,
  `handle` varchar(255) COLLATE utf8_unicode_ci NOT NULL,
  `type` varchar(150) COLLATE utf8_unicode_ci NOT NULL,
  `settings` text COLLATE utf8_unicode_ci,
  `sortOrder` tinyint(4) DEFAULT NULL,
  `fieldLayoutId` int(10) DEFAULT NULL,
  `dateCreated` datetime NOT NULL,
  `dateUpdated` datetime NOT NULL,
  `uid` char(36) COLLATE utf8_unicode_ci NOT NULL DEFAULT '0',
  PRIMARY KEY (`id`),
  UNIQUE KEY `craft_assetsources_name_unq_idx` (`name`),
  UNIQUE KEY `craft_assetsources_handle_unq_idx` (`handle`),
  KEY `craft_assetsources_fieldLayoutId_fk` (`fieldLayoutId`)
) ENGINE=InnoDB AUTO_INCREMENT=2 DEFAULT CHARSET=utf8 COLLATE=utf8_unicode_ci;

--
-- Data for table `craft_assetsources`
--

INSERT INTO `craft_assetsources` (`id`, `name`, `handle`, `type`, `settings`, `sortOrder`, `fieldLayoutId`, `dateCreated`, `dateUpdated`, `uid`) VALUES
 ('1', 'imgs', 'imgs', 'Local', '{\"path\":\"..\\/public\\/imgs\\/\",\"url\":\"..\\/imgs\\/\"}', '1', '14', '2015-08-17 18:32:22', '2015-08-17 18:32:22', 'a37d9bd0-1db3-41a1-880c-4913966bd02b');




DROP TABLE IF EXISTS `craft_assettransformindex`;


--
-- Schema for table `craft_assettransformindex`
--
CREATE TABLE `craft_assettransformindex` (
  `id` int(11) NOT NULL AUTO_INCREMENT,
  `fileId` int(11) NOT NULL,
  `filename` varchar(255) COLLATE utf8_unicode_ci DEFAULT NULL,
  `format` varchar(255) COLLATE utf8_unicode_ci DEFAULT NULL,
  `location` varchar(255) COLLATE utf8_unicode_ci NOT NULL,
  `sourceId` int(11) DEFAULT NULL,
  `fileExists` tinyint(1) DEFAULT NULL,
  `inProgress` tinyint(1) DEFAULT NULL,
  `dateIndexed` datetime DEFAULT NULL,
  `dateCreated` datetime NOT NULL,
  `dateUpdated` datetime NOT NULL,
  `uid` char(36) COLLATE utf8_unicode_ci NOT NULL DEFAULT '0',
  PRIMARY KEY (`id`),
  KEY `craft_assettransformindex_sourceId_fileId_location_idx` (`sourceId`,`fileId`,`location`)
) ENGINE=InnoDB DEFAULT CHARSET=utf8 COLLATE=utf8_unicode_ci;

DROP TABLE IF EXISTS `craft_assettransforms`;


--
-- Schema for table `craft_assettransforms`
--
CREATE TABLE `craft_assettransforms` (
  `id` int(11) NOT NULL AUTO_INCREMENT,
  `name` varchar(255) COLLATE utf8_unicode_ci NOT NULL,
  `handle` varchar(255) COLLATE utf8_unicode_ci NOT NULL,
  `mode` enum('stretch','fit','crop') COLLATE utf8_unicode_ci NOT NULL DEFAULT 'crop',
  `position` enum('top-left','top-center','top-right','center-left','center-center','center-right','bottom-left','bottom-center','bottom-right') COLLATE utf8_unicode_ci NOT NULL DEFAULT 'center-center',
  `height` int(10) DEFAULT NULL,
  `width` int(10) DEFAULT NULL,
  `format` varchar(255) COLLATE utf8_unicode_ci DEFAULT NULL,
  `quality` int(10) DEFAULT NULL,
  `dimensionChangeTime` datetime DEFAULT NULL,
  `dateCreated` datetime NOT NULL,
  `dateUpdated` datetime NOT NULL,
  `uid` char(36) COLLATE utf8_unicode_ci NOT NULL DEFAULT '0',
  PRIMARY KEY (`id`),
  UNIQUE KEY `craft_assettransforms_name_unq_idx` (`name`),
  UNIQUE KEY `craft_assettransforms_handle_unq_idx` (`handle`)
) ENGINE=InnoDB DEFAULT CHARSET=utf8 COLLATE=utf8_unicode_ci;

DROP TABLE IF EXISTS `craft_categories`;


--
-- Schema for table `craft_categories`
--
CREATE TABLE `craft_categories` (
  `id` int(11) NOT NULL,
  `groupId` int(11) NOT NULL,
  `dateCreated` datetime NOT NULL,
  `dateUpdated` datetime NOT NULL,
  `uid` char(36) COLLATE utf8_unicode_ci NOT NULL DEFAULT '0',
  PRIMARY KEY (`id`),
  KEY `craft_categories_groupId_fk` (`groupId`)
) ENGINE=InnoDB DEFAULT CHARSET=utf8 COLLATE=utf8_unicode_ci;

DROP TABLE IF EXISTS `craft_categorygroups`;


--
-- Schema for table `craft_categorygroups`
--
CREATE TABLE `craft_categorygroups` (
  `id` int(11) NOT NULL AUTO_INCREMENT,
  `structureId` int(11) NOT NULL,
  `fieldLayoutId` int(11) DEFAULT NULL,
  `name` varchar(255) COLLATE utf8_unicode_ci NOT NULL,
  `handle` varchar(255) COLLATE utf8_unicode_ci NOT NULL,
  `hasUrls` tinyint(1) unsigned NOT NULL DEFAULT '1',
  `template` varchar(500) COLLATE utf8_unicode_ci DEFAULT NULL,
  `dateCreated` datetime NOT NULL,
  `dateUpdated` datetime NOT NULL,
  `uid` char(36) COLLATE utf8_unicode_ci NOT NULL DEFAULT '0',
  PRIMARY KEY (`id`),
  UNIQUE KEY `craft_categorygroups_name_unq_idx` (`name`),
  UNIQUE KEY `craft_categorygroups_handle_unq_idx` (`handle`),
  KEY `craft_categorygroups_structureId_fk` (`structureId`),
  KEY `craft_categorygroups_fieldLayoutId_fk` (`fieldLayoutId`)
) ENGINE=InnoDB AUTO_INCREMENT=2 DEFAULT CHARSET=utf8 COLLATE=utf8_unicode_ci;

--
-- Data for table `craft_categorygroups`
--

INSERT INTO `craft_categorygroups` (`id`, `structureId`, `fieldLayoutId`, `name`, `handle`, `hasUrls`, `template`, `dateCreated`, `dateUpdated`, `uid`) VALUES
 ('1', '3', '62', 'Job Categories', 'jobCategories', '0', NULL, '2015-12-15 16:21:38', '2015-12-15 16:21:38', '33593682-cca2-453f-aabf-b26d65a9ad51');




DROP TABLE IF EXISTS `craft_categorygroups_i18n`;


--
-- Schema for table `craft_categorygroups_i18n`
--
CREATE TABLE `craft_categorygroups_i18n` (
  `id` int(11) NOT NULL AUTO_INCREMENT,
  `groupId` int(11) NOT NULL,
  `locale` char(12) COLLATE utf8_unicode_ci NOT NULL,
  `urlFormat` varchar(255) COLLATE utf8_unicode_ci DEFAULT NULL,
  `nestedUrlFormat` varchar(255) COLLATE utf8_unicode_ci DEFAULT NULL,
  `dateCreated` datetime NOT NULL,
  `dateUpdated` datetime NOT NULL,
  `uid` char(36) COLLATE utf8_unicode_ci NOT NULL DEFAULT '0',
  PRIMARY KEY (`id`),
  UNIQUE KEY `craft_categorygroups_i18n_groupId_locale_unq_idx` (`groupId`,`locale`),
  KEY `craft_categorygroups_i18n_locale_fk` (`locale`)
) ENGINE=InnoDB AUTO_INCREMENT=2 DEFAULT CHARSET=utf8 COLLATE=utf8_unicode_ci;

--
-- Data for table `craft_categorygroups_i18n`
--

INSERT INTO `craft_categorygroups_i18n` (`id`, `groupId`, `locale`, `urlFormat`, `nestedUrlFormat`, `dateCreated`, `dateUpdated`, `uid`) VALUES
 ('1', '1', 'en_us', NULL, NULL, '2015-12-15 16:21:38', '2015-12-15 16:21:38', '2de2db90-a8b8-452b-a976-6c0e66d9b641');




DROP TABLE IF EXISTS `craft_content`;


--
-- Schema for table `craft_content`
--
CREATE TABLE `craft_content` (
  `id` int(11) NOT NULL AUTO_INCREMENT,
  `elementId` int(11) NOT NULL,
  `locale` char(12) COLLATE utf8_unicode_ci NOT NULL,
  `title` varchar(255) COLLATE utf8_unicode_ci DEFAULT NULL,
  `field_jobviteUrl` text COLLATE utf8_unicode_ci,
  `field_quote` text COLLATE utf8_unicode_ci,
  `field_fullName` text COLLATE utf8_unicode_ci,
  `field_positionTitle` text COLLATE utf8_unicode_ci,
  `field_wistiaId` text COLLATE utf8_unicode_ci,
  `field_buttonText` text COLLATE utf8_unicode_ci,
  `dateCreated` datetime NOT NULL,
  `dateUpdated` datetime NOT NULL,
  `uid` char(36) COLLATE utf8_unicode_ci NOT NULL DEFAULT '0',
  PRIMARY KEY (`id`),
  UNIQUE KEY `craft_content_elementId_locale_unq_idx` (`elementId`,`locale`),
  KEY `craft_content_title_idx` (`title`),
  KEY `craft_content_locale_fk` (`locale`)
) ENGINE=InnoDB AUTO_INCREMENT=39 DEFAULT CHARSET=utf8 COLLATE=utf8_unicode_ci;

--
-- Data for table `craft_content`
--

INSERT INTO `craft_content` (`id`, `elementId`, `locale`, `title`, `field_jobviteUrl`, `field_quote`, `field_fullName`, `field_positionTitle`, `field_wistiaId`, `field_buttonText`, `dateCreated`, `dateUpdated`, `uid`) VALUES
 ('1', '1', 'en_us', NULL, NULL, NULL, NULL, NULL, NULL, NULL, '2015-08-06 15:34:17', '2015-08-06 15:34:17', '265fe4c9-8dbf-4098-be7d-6c79c069068d'),
 ('2', '2', 'en_us', 'Home', NULL, NULL, NULL, NULL, NULL, NULL, '2015-08-06 15:34:19', '2015-12-23 01:04:17', 'a6d7b2c2-10fc-4576-bf29-c07b5ca52cb3'),
 ('5', '5', 'en_us', 'careers-hero', NULL, NULL, NULL, NULL, NULL, NULL, '2015-08-17 18:32:43', '2015-12-16 19:16:42', 'edaa959c-07c3-4ced-ba0c-d7bad76a601a'),
 ('7', '9', 'en_us', 'column-cta-1', NULL, NULL, NULL, NULL, NULL, NULL, '2015-08-17 18:47:16', '2015-08-17 18:47:16', '97e2dcc2-d3cf-4bc4-8ca0-4e441f127158'),
 ('9', '11', 'en_us', 'corporate', NULL, NULL, NULL, NULL, NULL, NULL, '2015-08-17 19:03:54', '2015-08-17 19:03:54', '3d9cdc02-e42d-49f6-8056-7e3af75986e8'),
 ('11', '22', 'en_us', 'video-callout', NULL, NULL, NULL, NULL, NULL, NULL, '2015-08-17 21:07:42', '2015-08-17 21:07:42', '81bbbd84-079b-4e42-8a3d-2eadf66476b4'),
 ('16', '30', 'en_us', 'San Francisco', NULL, NULL, NULL, NULL, NULL, NULL, '2015-08-25 17:55:24', '2015-08-25 18:23:42', 'd28b3b14-891b-48ea-baa7-067e4816bbaa'),
 ('17', '32', 'en_us', 'Munich', NULL, NULL, NULL, NULL, NULL, NULL, '2015-08-25 17:55:50', '2015-08-25 18:38:09', '29f989c8-69e8-491b-a1f8-b2154c72fec7'),
 ('18', '35', 'en_us', 'Montreal', NULL, NULL, NULL, NULL, NULL, NULL, '2015-08-25 19:53:09', '2015-08-25 20:03:54', '343553a5-f905-4d3a-8ee9-ae06a0698574'),
 ('19', '37', 'en_us', 'Engineering', NULL, NULL, NULL, NULL, NULL, NULL, '2015-08-25 20:08:19', '2015-08-25 20:08:19', '6dd567da-a6d3-4f4a-bab3-4e6f063f6f63'),
 ('20', '39', 'en_us', 'Boulder', NULL, NULL, NULL, NULL, NULL, NULL, '2015-08-25 20:12:42', '2015-08-25 20:12:42', 'f8bd8235-2cdf-4ec0-a067-e039be35fa48'),
 ('21', '43', 'en_us', 'Test Boulder Job', '', NULL, NULL, NULL, NULL, NULL, '2015-12-15 16:23:27', '2015-12-15 16:25:13', 'd2ed3d90-9c51-439d-b6ad-915540cad41a'),
 ('22', '46', 'en_us', 'Vince Bonanno', NULL, '<p>“Duis mollis, est non commo-\r\ndo luctus, nisi erat porttitor\r\nligula, eget lacinia odio sem\r\nnec elit. Cum sociis natoque\r\npenatibus magnis parturi-\r\nent montes nascetur.” </p>', 'Vince Bonanno', 'Title', '09m6mteg0f', 'Watch Video', '2015-12-16 16:58:56', '2015-12-22 22:29:15', 'bdff65fd-bb8e-4646-a7a0-d6f743f9c98d'),
 ('23', '47', 'en_us', 'Adi', NULL, '<p>“Duis mollis, est non commo-\r\ndo luctus, nisi erat porttitor\r\nligula, eget lacinia odio sem\r\nnec elit. Cum sociis natoque\r\npenatibus magnis parturi-\r\nent montes nascetur.” </p>', 'Adi', 'Title', '1zw915bp5e', 'Watch Video', '2015-12-16 16:59:25', '2015-12-22 22:29:15', '835f62e1-9ffc-4e32-95dd-70710d8925dd'),
 ('24', '48', 'en_us', 'Jihan', NULL, '<p>“Duis mollis, est non commo-\r\ndo luctus, nisi erat porttitor\r\nligula, eget lacinia odio sem\r\nnec elit. Cum sociis natoque\r\npenatibus magnis parturi-\r\nent montes nascetur.” </p>', 'Jihan', 'Title', 'zjw45tcpij', 'Watch Video', '2015-12-16 17:00:01', '2015-12-22 22:29:15', '2d632a49-f469-4398-aaf2-5ede7903dfd5'),
 ('25', '53', 'en_us', 'fpo-whatwedo', NULL, NULL, NULL, NULL, NULL, NULL, '2015-12-17 15:31:24', '2015-12-17 15:31:24', '4d380e2f-a6cd-43f9-9d75-3dde0bab32f0'),
 ('26', '54', 'en_us', 'careers profiles jihan', NULL, NULL, NULL, NULL, NULL, NULL, '2015-12-22 18:35:46', '2015-12-22 18:35:46', '587b24ac-8165-4aac-8a05-e3010a5cf3de'),
 ('27', '55', 'en_us', 'careers profiles adi', NULL, NULL, NULL, NULL, NULL, NULL, '2015-12-22 18:43:16', '2015-12-22 18:43:16', 'bb9b00f5-2c98-4fd3-a5db-b667ad94054d'),
 ('28', '56', 'en_us', 'careers profiles vince', NULL, NULL, NULL, NULL, NULL, NULL, '2015-12-22 18:43:33', '2015-12-22 18:43:33', '29323ffd-9f63-45cc-a58c-de855b03ffb8'),
 ('29', '57', 'en_us', 'careers teams', NULL, NULL, NULL, NULL, NULL, NULL, '2015-12-22 21:23:14', '2015-12-23 18:20:30', '0e271aa2-9c9e-495b-9979-d4cf7c0cf371'),
 ('30', '58', 'en_us', 'careers perks', NULL, NULL, NULL, NULL, NULL, NULL, '2015-12-22 21:30:00', '2015-12-23 18:20:29', '00385a75-afa7-4f65-a3c1-b817709c0420'),
 ('31', '60', 'en_us', 'careers locations', NULL, NULL, NULL, NULL, NULL, NULL, '2015-12-22 22:03:09', '2015-12-23 18:20:30', '152ed2e8-283a-4c7f-a55d-5da6d421707b'),
 ('32', '62', 'en_us', 'San Francisco', NULL, NULL, NULL, NULL, NULL, NULL, '2015-12-22 22:27:45', '2015-12-22 22:29:19', '979ff094-6114-4df1-9a02-81ae7fd26794'),
 ('33', '63', 'en_us', 'office sf', NULL, NULL, NULL, NULL, NULL, NULL, '2015-12-23 00:14:36', '2015-12-23 00:14:36', '5efd3268-6fa2-4e45-b77d-23385401595c'),
 ('34', '64', 'en_us', 'office montreal', NULL, NULL, NULL, NULL, NULL, NULL, '2015-12-23 00:14:51', '2015-12-23 00:14:51', '0037586f-1b8d-4a34-b769-be3fec4400d2'),
 ('35', '65', 'en_us', 'office munich', NULL, NULL, NULL, NULL, NULL, NULL, '2015-12-23 00:15:07', '2015-12-23 00:15:07', 'd52d6327-e431-4bf5-b0de-86ea1ac94b7e');




DROP TABLE IF EXISTS `craft_deprecationerrors`;


--
-- Schema for table `craft_deprecationerrors`
--
CREATE TABLE `craft_deprecationerrors` (
  `id` int(11) NOT NULL AUTO_INCREMENT,
  `key` varchar(255) COLLATE utf8_unicode_ci NOT NULL,
  `fingerprint` varchar(255) COLLATE utf8_unicode_ci NOT NULL,
  `lastOccurrence` datetime NOT NULL,
  `file` varchar(255) COLLATE utf8_unicode_ci NOT NULL,
  `line` smallint(6) unsigned NOT NULL,
  `class` varchar(255) COLLATE utf8_unicode_ci DEFAULT NULL,
  `method` varchar(255) COLLATE utf8_unicode_ci DEFAULT NULL,
  `template` varchar(255) COLLATE utf8_unicode_ci DEFAULT NULL,
  `templateLine` smallint(6) unsigned DEFAULT NULL,
  `message` varchar(255) COLLATE utf8_unicode_ci DEFAULT NULL,
  `traces` text COLLATE utf8_unicode_ci,
  `dateCreated` datetime NOT NULL,
  `dateUpdated` datetime NOT NULL,
  `uid` char(36) COLLATE utf8_unicode_ci NOT NULL DEFAULT '0',
  PRIMARY KEY (`id`),
  UNIQUE KEY `craft_deprecationerrors_key_fingerprint_unq_idx` (`key`,`fingerprint`)
) ENGINE=InnoDB DEFAULT CHARSET=utf8 COLLATE=utf8_unicode_ci;

DROP TABLE IF EXISTS `craft_elements`;


--
-- Schema for table `craft_elements`
--
CREATE TABLE `craft_elements` (
  `id` int(11) NOT NULL AUTO_INCREMENT,
  `type` varchar(150) COLLATE utf8_unicode_ci NOT NULL,
  `enabled` tinyint(1) unsigned NOT NULL DEFAULT '1',
  `archived` tinyint(1) unsigned NOT NULL DEFAULT '0',
  `dateCreated` datetime NOT NULL,
  `dateUpdated` datetime NOT NULL,
  `uid` char(36) COLLATE utf8_unicode_ci NOT NULL DEFAULT '0',
  PRIMARY KEY (`id`),
  KEY `craft_elements_type_idx` (`type`),
  KEY `craft_elements_enabled_idx` (`enabled`),
  KEY `craft_elements_archived_dateCreated_idx` (`archived`,`dateCreated`)
) ENGINE=InnoDB AUTO_INCREMENT=71 DEFAULT CHARSET=utf8 COLLATE=utf8_unicode_ci;

--
-- Data for table `craft_elements`
--

INSERT INTO `craft_elements` (`id`, `type`, `enabled`, `archived`, `dateCreated`, `dateUpdated`, `uid`) VALUES
 ('1', 'User', '1', '0', '2015-08-06 15:34:17', '2015-08-06 15:34:17', '3b53fa5e-126b-43b2-ab85-2fd8d19208e5'),
 ('2', 'Entry', '1', '0', '2015-08-06 15:34:19', '2015-12-23 01:04:17', '049a5074-7114-43e5-9f23-0caf86947cdc'),
 ('5', 'Asset', '1', '0', '2015-08-17 18:32:43', '2015-12-16 19:16:42', '8de9b8c1-e735-4f83-813c-13f5d0cefb9a'),
 ('9', 'Asset', '1', '0', '2015-08-17 18:47:16', '2015-08-17 18:47:16', 'a148c9d8-f8de-4570-b8f8-c75e849821e8'),
 ('11', 'Asset', '1', '0', '2015-08-17 19:03:54', '2015-08-17 19:03:54', '46089494-e70a-4fc7-b78f-d3240ef1c159'),
 ('22', 'Asset', '1', '0', '2015-08-17 21:07:42', '2015-08-17 21:07:42', 'fab3b356-2caa-4a4f-ac80-613ddcc4e6d6'),
 ('30', 'Entry', '1', '0', '2015-08-25 17:55:24', '2015-08-25 18:23:42', '106ab0a4-4ea7-4f31-b6fe-f8d6e1a5a138'),
 ('31', 'MatrixBlock', '1', '0', '2015-08-25 17:55:24', '2015-08-25 18:23:42', '10cdecee-76f3-404e-bdc0-759682973dfe'),
 ('32', 'Entry', '1', '0', '2015-08-25 17:55:50', '2015-08-25 18:38:09', 'b33960b7-b941-46cd-95d2-08c25885799a'),
 ('33', 'MatrixBlock', '1', '0', '2015-08-25 17:55:50', '2015-08-25 18:38:09', 'fac11046-b856-4aa3-a1bb-41921f7aaa46'),
 ('34', 'MatrixBlock', '1', '0', '2015-08-25 17:59:31', '2015-12-23 01:04:17', '50d5256a-9751-44f9-b540-4759aa527890'),
 ('35', 'Entry', '1', '0', '2015-08-25 19:53:09', '2015-08-25 20:03:54', 'cd5c146e-d05d-4596-80ea-08539ece1fe2'),
 ('36', 'MatrixBlock', '1', '0', '2015-08-25 19:53:09', '2015-08-25 20:03:54', 'a67f19e9-bcf9-490e-b809-db5c97b599d2'),
 ('37', 'Entry', '1', '0', '2015-08-25 20:08:19', '2015-08-25 20:08:19', '6b5025aa-b814-4663-88cc-009ac5a9733c'),
 ('38', 'MatrixBlock', '1', '0', '2015-08-25 20:08:19', '2015-08-25 20:08:19', 'e68c275e-d8c2-42ef-9a8f-6b7e338e1cd0'),
 ('39', 'Entry', '1', '0', '2015-08-25 20:12:42', '2015-08-25 20:12:42', '8cc3dfaa-4ffe-4b1c-9abc-bcd501294cfb'),
 ('40', 'MatrixBlock', '1', '0', '2015-08-25 20:12:43', '2015-08-25 20:12:43', 'c44e3a35-f200-40b3-a6b3-d8736b3bffe3'),
 ('41', 'MatrixBlock', '1', '0', '2015-12-15 15:58:06', '2015-12-23 01:04:17', '50740ad8-20de-483e-b0da-20c7833ea56c'),
 ('42', 'MatrixBlock', '1', '0', '2015-12-15 16:18:18', '2015-12-23 01:04:17', '4fc1bc4e-b878-4eac-800e-198be5728372'),
 ('43', 'Entry', '1', '0', '2015-12-15 16:23:27', '2015-12-15 16:25:13', '4c9ca2b1-8c39-4dbc-aaff-3f8909bc6afe'),
 ('45', 'MatrixBlock', '1', '0', '2015-12-16 16:37:39', '2015-12-23 01:04:17', '700132e1-e653-48c2-9209-eb3e42402bcf'),
 ('46', 'Entry', '1', '0', '2015-12-16 16:58:56', '2015-12-22 22:29:15', 'ac553d9e-8b8c-4fff-819c-c2f86b801129'),
 ('47', 'Entry', '1', '0', '2015-12-16 16:59:25', '2015-12-22 22:29:15', '23dbe617-428b-4dd5-87bf-d980f8dfb9ab'),
 ('48', 'Entry', '1', '0', '2015-12-16 17:00:01', '2015-12-22 22:29:15', 'b6dc8b4c-3ffa-489e-8cdb-2a4d09f5ff2c'),
 ('49', 'MatrixBlock', '1', '0', '2015-12-16 17:00:25', '2015-12-23 01:04:17', '7c74e47d-05ff-4847-88ad-b996219674b2'),
 ('53', 'Asset', '1', '0', '2015-12-17 15:31:24', '2015-12-17 15:31:24', '202148c4-ea6b-4063-adec-91e49cedf84d'),
 ('54', 'Asset', '1', '0', '2015-12-22 18:35:46', '2015-12-22 18:35:46', '4c11b313-67c3-47fa-90df-f4bbc0b45d99'),
 ('55', 'Asset', '1', '0', '2015-12-22 18:43:16', '2015-12-22 18:43:16', '64bb78ac-8143-4f59-8545-7833fcd7d8fd'),
 ('56', 'Asset', '1', '0', '2015-12-22 18:43:33', '2015-12-22 18:43:33', '506b3c4d-776c-40d1-9765-aa9eb781278b'),
 ('57', 'Asset', '1', '0', '2015-12-22 21:23:14', '2015-12-23 18:20:30', '9402f86c-9bf1-4192-b59a-7e1b3f4c94fa'),
 ('58', 'Asset', '1', '0', '2015-12-22 21:30:00', '2015-12-23 18:20:29', 'eca34b8b-cd60-4055-bf36-4e2cbacf6d52'),
 ('59', 'MatrixBlock', '1', '0', '2015-12-22 21:30:06', '2015-12-23 01:04:17', '261e77f5-47f9-451f-951c-564c80f965f5'),
 ('60', 'Asset', '1', '0', '2015-12-22 22:03:09', '2015-12-23 18:20:30', '58703a61-20dd-4477-9077-f04a77ed9583'),
 ('61', 'MatrixBlock', '1', '0', '2015-12-22 22:06:11', '2015-12-23 01:04:17', 'f973e490-383c-49dc-9406-fe0d4d6c79c5'),
 ('62', 'Entry', '1', '0', '2015-12-22 22:27:45', '2015-12-22 22:29:19', 'ae8e4104-b8bf-48b1-ad6c-3f1cc2da9dfc'),
 ('63', 'Asset', '1', '0', '2015-12-23 00:14:36', '2015-12-23 00:14:36', '89bf31e3-14f4-45b8-86d8-08516abbbf68'),
 ('64', 'Asset', '1', '0', '2015-12-23 00:14:51', '2015-12-23 00:14:51', '2aee8de3-a5ba-478f-8247-a176d9a806fa'),
 ('65', 'Asset', '1', '0', '2015-12-23 00:15:07', '2015-12-23 00:15:07', '4f23fd47-02ae-4b31-8083-3b51cfb8e95d'),
 ('66', 'MatrixBlock', '1', '0', '2015-12-23 00:15:12', '2015-12-23 01:04:17', '05517b59-560f-4c60-b5d6-8744d00b5c01'),
 ('67', 'MatrixBlock', '1', '0', '2015-12-23 00:54:23', '2015-12-23 01:04:17', 'a27b8ccc-27c6-4293-815c-afc228c67a50');




DROP TABLE IF EXISTS `craft_elements_i18n`;


--
-- Schema for table `craft_elements_i18n`
--
CREATE TABLE `craft_elements_i18n` (
  `id` int(11) NOT NULL AUTO_INCREMENT,
  `elementId` int(11) NOT NULL,
  `locale` char(12) COLLATE utf8_unicode_ci NOT NULL,
  `slug` varchar(255) COLLATE utf8_unicode_ci DEFAULT NULL,
  `uri` varchar(255) COLLATE utf8_unicode_ci DEFAULT NULL,
  `enabled` tinyint(1) unsigned NOT NULL DEFAULT '1',
  `dateCreated` datetime NOT NULL,
  `dateUpdated` datetime NOT NULL,
  `uid` char(36) COLLATE utf8_unicode_ci NOT NULL DEFAULT '0',
  PRIMARY KEY (`id`),
  UNIQUE KEY `craft_elements_i18n_elementId_locale_unq_idx` (`elementId`,`locale`),
  UNIQUE KEY `craft_elements_i18n_uri_locale_unq_idx` (`uri`,`locale`),
  KEY `craft_elements_i18n_slug_locale_idx` (`slug`,`locale`),
  KEY `craft_elements_i18n_enabled_idx` (`enabled`),
  KEY `craft_elements_i18n_locale_fk` (`locale`)
) ENGINE=InnoDB AUTO_INCREMENT=71 DEFAULT CHARSET=utf8 COLLATE=utf8_unicode_ci;

--
-- Data for table `craft_elements_i18n`
--

INSERT INTO `craft_elements_i18n` (`id`, `elementId`, `locale`, `slug`, `uri`, `enabled`, `dateCreated`, `dateUpdated`, `uid`) VALUES
 ('1', '1', 'en_us', '', NULL, '1', '2015-08-06 15:34:17', '2015-08-06 15:34:17', 'da6d3616-2a3f-4b46-8a69-667c9e10120d'),
 ('2', '2', 'en_us', 'homepage', '__home__', '1', '2015-08-06 15:34:19', '2015-12-23 01:04:17', '52398f1d-0d03-4261-a9be-145fcc287142'),
 ('5', '5', 'en_us', 'careers-hero', NULL, '1', '2015-08-17 18:32:43', '2015-12-16 19:16:42', '056d2006-a8e6-4edc-b60c-4bf2d52a8862'),
 ('9', '9', 'en_us', 'column-cta-1', NULL, '1', '2015-08-17 18:47:16', '2015-08-17 18:47:16', '3a2f02c8-5831-48ab-b030-d7ea1b04bc7c'),
 ('11', '11', 'en_us', 'corporate', NULL, '1', '2015-08-17 19:03:54', '2015-08-17 19:03:54', 'c8e7bb5e-0f53-4090-8616-ef02b1204a6d'),
 ('22', '22', 'en_us', 'video-callout', NULL, '1', '2015-08-17 21:07:42', '2015-08-17 21:07:42', 'c610bb68-57e4-42f6-8f88-1b8618a09447'),
 ('30', '30', 'en_us', 'san-francisco', 'locations/san-francisco', '1', '2015-08-25 17:55:24', '2015-08-25 18:23:42', '30469fd3-0867-4aae-b866-d07669b8c78e'),
 ('31', '31', 'en_us', '', NULL, '1', '2015-08-25 17:55:24', '2015-08-25 18:23:42', '654f22ff-c8ad-42c5-8571-f94d6e0109d7'),
 ('32', '32', 'en_us', 'munich', 'locations/munich', '1', '2015-08-25 17:55:50', '2015-08-25 18:38:09', 'b240d9a0-bd3a-4d19-b67e-5786f6efea1e'),
 ('33', '33', 'en_us', '', NULL, '1', '2015-08-25 17:55:50', '2015-08-25 18:38:09', '3299e821-5c3d-4810-885f-a3f6e7ddb61c'),
 ('34', '34', 'en_us', '', NULL, '1', '2015-08-25 17:59:31', '2015-12-23 01:04:17', 'fb61dd41-e160-4e7c-9ef1-57dacc4a2b88'),
 ('35', '35', 'en_us', 'montreal', 'locations/montreal', '1', '2015-08-25 19:53:09', '2015-08-25 20:03:54', '21ea8472-1b7e-43b3-9b4b-7b68e80fd63a'),
 ('36', '36', 'en_us', '', NULL, '1', '2015-08-25 19:53:09', '2015-08-25 20:03:54', '06806b03-d32f-44df-9f9a-bc13610bb567'),
 ('37', '37', 'en_us', 'engineering', 'teams/engineering', '1', '2015-08-25 20:08:19', '2015-08-25 20:08:19', '1abefaaf-2553-4a14-b4b2-6f6bf9367198'),
 ('38', '38', 'en_us', '', NULL, '1', '2015-08-25 20:08:19', '2015-08-25 20:08:19', '600824b9-4d12-4254-bd88-2910eda11154'),
 ('39', '39', 'en_us', 'boulder', 'locations/boulder', '1', '2015-08-25 20:12:43', '2015-08-25 20:12:43', 'a7099028-4fcc-4a8f-ab88-10a878eebe79'),
 ('40', '40', 'en_us', '', NULL, '1', '2015-08-25 20:12:43', '2015-08-25 20:12:43', 'e9d8fab4-956f-4988-a79a-c3b5a6c5ebbf'),
 ('41', '41', 'en_us', '', NULL, '1', '2015-12-15 15:58:06', '2015-12-23 01:04:17', 'c92fc2d2-bf78-410e-80d8-82f04d296ba4'),
 ('42', '42', 'en_us', '', NULL, '1', '2015-12-15 16:18:18', '2015-12-23 01:04:17', '7c21070e-79a0-4637-a459-6c614e09ef73'),
 ('43', '43', 'en_us', 'test-boulder-job', 'jobs/test-boulder-job', '1', '2015-12-15 16:23:27', '2015-12-15 16:25:14', 'bec06400-17e7-4312-a490-fa3e5f569f89'),
 ('45', '45', 'en_us', '', NULL, '1', '2015-12-16 16:37:39', '2015-12-23 01:04:17', '566cf625-869a-4842-8c27-a43e67c368ba'),
 ('46', '46', 'en_us', 'vince-bonanno', NULL, '1', '2015-12-16 16:58:56', '2015-12-22 22:29:15', 'ec52957e-1533-4a34-932f-0cb2426d197f'),
 ('47', '47', 'en_us', 'adi', NULL, '1', '2015-12-16 16:59:25', '2015-12-22 22:29:15', '14553865-7f36-45b0-8a1e-ef6b69de5219'),
 ('48', '48', 'en_us', 'jihan', NULL, '1', '2015-12-16 17:00:01', '2015-12-22 22:29:15', 'f5e12b96-3ace-4a23-8660-823e1db2803c'),
 ('49', '49', 'en_us', '', NULL, '1', '2015-12-16 17:00:25', '2015-12-23 01:04:17', '533ec5b8-0d4a-4d01-814d-3a4f44b08139'),
 ('53', '53', 'en_us', 'fpo-whatwedo', NULL, '1', '2015-12-17 15:31:24', '2015-12-17 15:31:24', 'f72b2519-e603-4de3-b6b5-dc5e2016746a'),
 ('54', '54', 'en_us', 'careers-profiles-jihan', NULL, '1', '2015-12-22 18:35:46', '2015-12-22 18:35:46', '35e901ce-7839-4432-bde1-9fd7f55b3ad8'),
 ('55', '55', 'en_us', 'careers-profiles-adi', NULL, '1', '2015-12-22 18:43:16', '2015-12-22 18:43:16', '135e8371-a919-4d6c-902c-419d99a3f5dd'),
 ('56', '56', 'en_us', 'careers-profiles-vince', NULL, '1', '2015-12-22 18:43:33', '2015-12-22 18:43:33', '9e8d2c37-b503-44f5-a016-6c5dbf10b49e'),
 ('57', '57', 'en_us', 'careers-teams', NULL, '1', '2015-12-22 21:23:14', '2015-12-23 18:20:30', 'fc7543be-abc4-4ddf-94f9-42d2138550ee'),
 ('58', '58', 'en_us', 'careers-perks', NULL, '1', '2015-12-22 21:30:00', '2015-12-23 18:20:29', 'ac91bee8-5459-484b-b610-59cfb4b2dabf'),
 ('59', '59', 'en_us', '', NULL, '1', '2015-12-22 21:30:06', '2015-12-23 01:04:17', '9e6b8e32-651e-4dbe-b5ca-5140ab46f3e8'),
 ('60', '60', 'en_us', 'careers-locations', NULL, '1', '2015-12-22 22:03:09', '2015-12-23 18:20:30', '9afd50a5-7d49-4b66-9411-c88e26ad2fbe'),
 ('61', '61', 'en_us', '', NULL, '1', '2015-12-22 22:06:11', '2015-12-23 01:04:17', '3fbcdd67-cb83-4a90-a48b-f72a3ed0b3b7'),
 ('62', '62', 'en_us', 'san-francisco', NULL, '1', '2015-12-22 22:27:45', '2015-12-22 22:29:19', '28cc32be-b2ab-4732-8d95-b2b880821a99'),
 ('63', '63', 'en_us', 'office-sf', NULL, '1', '2015-12-23 00:14:36', '2015-12-23 00:14:36', 'bf10f8e3-6298-4485-9203-a259f6319711'),
 ('64', '64', 'en_us', 'office-montreal', NULL, '1', '2015-12-23 00:14:51', '2015-12-23 00:14:51', 'f1169646-28ad-45a4-9fee-cceffcb94e4f'),
 ('65', '65', 'en_us', 'office-munich', NULL, '1', '2015-12-23 00:15:07', '2015-12-23 00:15:07', '1e54c1fc-8535-46b2-8e27-809e48a72cbd'),
 ('66', '66', 'en_us', '', NULL, '1', '2015-12-23 00:15:12', '2015-12-23 01:04:17', '7d9ec5b0-4112-4e35-b340-99cc7e4cecfe'),
 ('67', '67', 'en_us', '', NULL, '1', '2015-12-23 00:54:23', '2015-12-23 01:04:17', 'eb9d97be-523e-4575-8f3c-ec2b20cd2d92');




DROP TABLE IF EXISTS `craft_emailmessages`;


--
-- Schema for table `craft_emailmessages`
--
CREATE TABLE `craft_emailmessages` (
  `id` int(11) NOT NULL AUTO_INCREMENT,
  `key` char(150) COLLATE utf8_unicode_ci NOT NULL,
  `locale` char(12) COLLATE utf8_unicode_ci NOT NULL,
  `subject` varchar(1000) COLLATE utf8_unicode_ci NOT NULL,
  `body` text COLLATE utf8_unicode_ci NOT NULL,
  `dateCreated` datetime NOT NULL,
  `dateUpdated` datetime NOT NULL,
  `uid` char(36) COLLATE utf8_unicode_ci NOT NULL DEFAULT '0',
  PRIMARY KEY (`id`),
  UNIQUE KEY `craft_emailmessages_key_locale_unq_idx` (`key`,`locale`),
  KEY `craft_emailmessages_locale_fk` (`locale`)
) ENGINE=InnoDB DEFAULT CHARSET=utf8 COLLATE=utf8_unicode_ci;

DROP TABLE IF EXISTS `craft_entries`;


--
-- Schema for table `craft_entries`
--
CREATE TABLE `craft_entries` (
  `id` int(11) NOT NULL,
  `sectionId` int(11) NOT NULL,
  `typeId` int(11) DEFAULT NULL,
  `authorId` int(11) DEFAULT NULL,
  `postDate` datetime DEFAULT NULL,
  `expiryDate` datetime DEFAULT NULL,
  `dateCreated` datetime NOT NULL,
  `dateUpdated` datetime NOT NULL,
  `uid` char(36) COLLATE utf8_unicode_ci NOT NULL DEFAULT '0',
  PRIMARY KEY (`id`),
  KEY `craft_entries_sectionId_idx` (`sectionId`),
  KEY `craft_entries_typeId_idx` (`typeId`),
  KEY `craft_entries_postDate_idx` (`postDate`),
  KEY `craft_entries_expiryDate_idx` (`expiryDate`),
  KEY `craft_entries_authorId_fk` (`authorId`)
) ENGINE=InnoDB DEFAULT CHARSET=utf8 COLLATE=utf8_unicode_ci;

--
-- Data for table `craft_entries`
--

INSERT INTO `craft_entries` (`id`, `sectionId`, `typeId`, `authorId`, `postDate`, `expiryDate`, `dateCreated`, `dateUpdated`, `uid`) VALUES
 ('2', '1', '1', NULL, '2015-08-12 21:26:31', NULL, '2015-08-06 15:34:19', '2015-12-23 01:04:17', 'a242ec3d-085c-48d4-a6d7-442d92dac3a8'),
 ('30', '5', '5', '1', '2015-08-25 17:54:00', NULL, '2015-08-25 17:55:24', '2015-08-25 18:23:42', 'e7eddc84-6aaa-469e-878b-e102194a3e9f'),
 ('32', '5', '5', '1', '2015-08-25 17:55:00', NULL, '2015-08-25 17:55:50', '2015-08-25 18:38:09', 'f6572d74-527b-42d1-838a-66a311e7388c'),
 ('35', '5', '5', '1', '2015-08-25 19:53:00', NULL, '2015-08-25 19:53:09', '2015-08-25 20:03:54', 'ef01d0e6-778f-4931-890e-919dd6837e04'),
 ('37', '6', '7', '1', '2015-08-25 20:08:19', NULL, '2015-08-25 20:08:19', '2015-08-25 20:08:19', '0a3d997e-6ce8-4a12-964e-bccc57982933'),
 ('39', '5', '5', '1', '2015-08-25 20:12:42', NULL, '2015-08-25 20:12:43', '2015-08-25 20:12:43', 'b2add4ed-1eb5-4acb-898f-bbcace9ba10f'),
 ('43', '7', '8', '1', '2015-12-15 16:23:00', NULL, '2015-12-15 16:23:27', '2015-12-15 16:25:14', 'af019234-1e9b-4d23-b668-13ee957cfd92'),
 ('46', '8', '9', '1', '2015-12-16 16:58:00', NULL, '2015-12-16 16:58:56', '2015-12-22 18:43:35', '8ee74a2a-71de-4fbd-8ccd-404f800657cf'),
 ('47', '8', '9', '1', '2015-12-16 16:59:00', NULL, '2015-12-16 16:59:25', '2015-12-22 18:43:18', '64e56141-107a-4ab1-92e0-7eb5cb39ca89'),
 ('48', '8', '9', '1', '2015-12-16 17:00:00', NULL, '2015-12-16 17:00:01', '2015-12-22 18:43:06', 'f61beefd-00ed-4a92-9da5-525a95fb3554'),
 ('62', '9', '10', '1', '2015-12-22 22:27:45', NULL, '2015-12-22 22:27:45', '2015-12-22 22:27:45', '6d09f662-5f31-4d45-a558-2e5ba6db8609');




DROP TABLE IF EXISTS `craft_entrydrafts`;


--
-- Schema for table `craft_entrydrafts`
--
CREATE TABLE `craft_entrydrafts` (
  `id` int(11) NOT NULL AUTO_INCREMENT,
  `entryId` int(11) NOT NULL,
  `sectionId` int(11) NOT NULL,
  `creatorId` int(11) NOT NULL,
  `locale` char(12) COLLATE utf8_unicode_ci NOT NULL,
  `name` varchar(255) COLLATE utf8_unicode_ci NOT NULL,
  `notes` tinytext COLLATE utf8_unicode_ci,
  `data` mediumtext COLLATE utf8_unicode_ci NOT NULL,
  `dateCreated` datetime NOT NULL,
  `dateUpdated` datetime NOT NULL,
  `uid` char(36) COLLATE utf8_unicode_ci NOT NULL DEFAULT '0',
  PRIMARY KEY (`id`),
  KEY `craft_entrydrafts_entryId_locale_idx` (`entryId`,`locale`),
  KEY `craft_entrydrafts_sectionId_fk` (`sectionId`),
  KEY `craft_entrydrafts_creatorId_fk` (`creatorId`),
  KEY `craft_entrydrafts_locale_fk` (`locale`)
) ENGINE=InnoDB DEFAULT CHARSET=utf8 COLLATE=utf8_unicode_ci;

DROP TABLE IF EXISTS `craft_entrytypes`;


--
-- Schema for table `craft_entrytypes`
--
CREATE TABLE `craft_entrytypes` (
  `id` int(11) NOT NULL AUTO_INCREMENT,
  `sectionId` int(11) NOT NULL,
  `fieldLayoutId` int(11) DEFAULT NULL,
  `name` varchar(255) COLLATE utf8_unicode_ci NOT NULL,
  `handle` varchar(255) COLLATE utf8_unicode_ci NOT NULL,
  `hasTitleField` tinyint(1) unsigned NOT NULL DEFAULT '1',
  `titleLabel` varchar(255) COLLATE utf8_unicode_ci DEFAULT 'Title',
  `titleFormat` varchar(255) COLLATE utf8_unicode_ci DEFAULT NULL,
  `sortOrder` tinyint(4) DEFAULT NULL,
  `dateCreated` datetime NOT NULL,
  `dateUpdated` datetime NOT NULL,
  `uid` char(36) COLLATE utf8_unicode_ci NOT NULL DEFAULT '0',
  PRIMARY KEY (`id`),
  UNIQUE KEY `craft_entrytypes_name_sectionId_unq_idx` (`name`,`sectionId`),
  UNIQUE KEY `craft_entrytypes_handle_sectionId_unq_idx` (`handle`,`sectionId`),
  KEY `craft_entrytypes_sectionId_fk` (`sectionId`),
  KEY `craft_entrytypes_fieldLayoutId_fk` (`fieldLayoutId`)
) ENGINE=InnoDB AUTO_INCREMENT=11 DEFAULT CHARSET=utf8 COLLATE=utf8_unicode_ci;

--
-- Data for table `craft_entrytypes`
--

INSERT INTO `craft_entrytypes` (`id`, `sectionId`, `fieldLayoutId`, `name`, `handle`, `hasTitleField`, `titleLabel`, `titleFormat`, `sortOrder`, `dateCreated`, `dateUpdated`, `uid`) VALUES
 ('1', '1', '50', 'Homepage', 'homepage', '1', 'Title', NULL, NULL, '2015-08-06 15:34:19', '2015-08-25 17:59:02', '150afc2d-5ca5-4cb2-9685-61b8edea850b'),
 ('5', '5', '48', 'Locations', 'locations', '1', 'Title', NULL, NULL, '2015-08-25 17:43:20', '2015-08-25 17:57:08', '83ab17b9-14db-45a2-9c67-36990d48f28c'),
 ('7', '6', '53', 'Teams', 'teams', '1', 'Title', NULL, NULL, '2015-08-25 20:06:36', '2015-08-25 20:07:43', 'fca437fe-f5a5-4991-824b-c11d823e7366'),
 ('8', '7', '64', 'Jobs', 'jobs', '1', 'Job Title', NULL, NULL, '2015-12-15 16:20:01', '2015-12-15 16:24:57', '84f79f36-6c33-4f93-ad48-e65d2dd95ec5'),
 ('9', '8', '76', 'Videos', 'videos', '1', 'Title', NULL, NULL, '2015-12-16 16:53:26', '2015-12-16 16:56:29', 'cb0bb711-825e-4fff-ab45-65e8972eb2bf'),
 ('10', '9', '179', 'Location Illustrations', 'locationIllustrations', '1', 'Title', NULL, NULL, '2015-12-22 22:27:28', '2015-12-22 22:27:28', '9c4dfb52-9bb1-42d9-af0f-87e8741eee26');




DROP TABLE IF EXISTS `craft_entryversions`;


--
-- Schema for table `craft_entryversions`
--
CREATE TABLE `craft_entryversions` (
  `id` int(11) NOT NULL AUTO_INCREMENT,
  `entryId` int(11) NOT NULL,
  `sectionId` int(11) NOT NULL,
  `creatorId` int(11) DEFAULT NULL,
  `locale` char(12) COLLATE utf8_unicode_ci NOT NULL,
  `num` smallint(6) unsigned NOT NULL,
  `notes` tinytext COLLATE utf8_unicode_ci,
  `data` mediumtext COLLATE utf8_unicode_ci NOT NULL,
  `dateCreated` datetime NOT NULL,
  `dateUpdated` datetime NOT NULL,
  `uid` char(36) COLLATE utf8_unicode_ci NOT NULL DEFAULT '0',
  PRIMARY KEY (`id`),
  KEY `craft_entryversions_entryId_locale_idx` (`entryId`,`locale`),
  KEY `craft_entryversions_sectionId_fk` (`sectionId`),
  KEY `craft_entryversions_creatorId_fk` (`creatorId`),
  KEY `craft_entryversions_locale_fk` (`locale`)
) ENGINE=InnoDB AUTO_INCREMENT=64 DEFAULT CHARSET=utf8 COLLATE=utf8_unicode_ci;

--
-- Data for table `craft_entryversions`
--

INSERT INTO `craft_entryversions` (`id`, `entryId`, `sectionId`, `creatorId`, `locale`, `num`, `notes`, `data`, `dateCreated`, `dateUpdated`, `uid`) VALUES
 ('1', '2', '1', '1', 'en_us', '1', '', '{\"typeId\":\"1\",\"authorId\":null,\"title\":\"Home\",\"slug\":\"homepage\",\"postDate\":1439414791,\"expiryDate\":null,\"enabled\":1,\"fields\":{\"62\":{\"34\":{\"type\":\"hero\",\"enabled\":\"1\",\"fields\":{\"tagline\":\"Homepage Tagline\",\"primaryButton\":{\"type\":\"custom\",\"custom\":\"http:\\/\\/www.google.com\",\"text\":\"Click Me\"},\"secondaryButton\":{\"type\":\"custom\",\"custom\":\"http:\\/\\/www.google.com\",\"text\":\"Watch Video\"}}}}}}', '2015-08-25 18:16:18', '2015-08-25 18:16:18', '6a8d6d0c-fc11-4b8d-b3b5-211c9ba0e3c7'),
 ('2', '30', '5', '1', 'en_us', '1', '', '{\"typeId\":\"5\",\"authorId\":\"1\",\"title\":\"San Francisco\",\"slug\":\"san-francisco\",\"postDate\":1440525240,\"expiryDate\":null,\"enabled\":1,\"fields\":{\"62\":{\"31\":{\"type\":\"hero\",\"enabled\":\"1\",\"fields\":{\"tagline\":\"This is San Francisco\",\"primaryButton\":{\"type\":\"custom\",\"custom\":\"http:\\/\\/www.google.com\",\"text\":\"Clickthrough\"},\"secondaryButton\":{\"type\":\"custom\",\"custom\":\"http:\\/\\/www.google.com\",\"text\":\"Clickthrough SF\"}}}}}}', '2015-08-25 18:23:42', '2015-08-25 18:23:42', 'c39e6f20-6340-4ef5-a099-07f901204c43'),
 ('3', '32', '5', '1', 'en_us', '1', '', '{\"typeId\":\"5\",\"authorId\":\"1\",\"title\":\"Munich\",\"slug\":\"munich\",\"postDate\":1440525300,\"expiryDate\":null,\"enabled\":1,\"fields\":{\"62\":{\"33\":{\"type\":\"hero\",\"enabled\":\"1\",\"fields\":{\"tagline\":\"This is Munich\",\"primaryButton\":{\"type\":\"custom\",\"custom\":\"http:\\/\\/www.google.com\",\"text\":\"Google Click\"},\"secondaryButton\":{\"type\":\"custom\",\"custom\":\"http:\\/\\/www.google.com\",\"text\":\"Click Munich\"}}}}}}', '2015-08-25 18:38:09', '2015-08-25 18:38:09', 'a969a461-0b45-457f-8552-2d797edc3354'),
 ('4', '35', '5', '1', 'en_us', '1', '', '{\"typeId\":null,\"authorId\":\"1\",\"title\":\"Montreal\",\"slug\":\"montreal\",\"postDate\":1440532389,\"expiryDate\":null,\"enabled\":1,\"fields\":{\"62\":{\"new1\":{\"type\":\"hero\",\"enabled\":\"1\",\"fields\":{\"tagline\":\"Montreal Hero\",\"primaryButton\":{\"type\":\"custom\",\"custom\":\"http:\\/\\/www.google.com\",\"text\":\"Montreal Button\"},\"secondaryButton\":{\"type\":\"custom\",\"custom\":\"http:\\/\\/www.google.com\",\"text\":\"Second Button\"}}}}}}', '2015-08-25 19:53:09', '2015-08-25 19:53:09', 'af95b7a3-a1ae-4f37-a0a8-dc18e8636f21'),
 ('5', '35', '5', '1', 'en_us', '2', '', '{\"typeId\":\"5\",\"authorId\":\"1\",\"title\":\"Montreal\",\"slug\":\"montreal\",\"postDate\":1440532380,\"expiryDate\":null,\"enabled\":1,\"fields\":{\"62\":{\"36\":{\"type\":\"hero\",\"enabled\":\"1\",\"fields\":{\"tagline\":\"Montreal Hero\",\"primaryButton\":{\"type\":\"custom\",\"custom\":\"http:\\/\\/www.google.com\",\"text\":\"Montreal Button\"},\"secondaryButton\":{\"type\":\"custom\",\"custom\":\"http:\\/\\/www.google.com\",\"text\":\"Second Button\"}}}}}}', '2015-08-25 20:03:54', '2015-08-25 20:03:54', '2e3950b8-7dbb-4971-90ba-72e3fc49f10d'),
 ('6', '37', '6', '1', 'en_us', '1', '', '{\"typeId\":null,\"authorId\":\"1\",\"title\":\"Engineering\",\"slug\":\"engineering\",\"postDate\":1440533299,\"expiryDate\":null,\"enabled\":1,\"fields\":{\"62\":{\"new1\":{\"type\":\"hero\",\"enabled\":\"1\",\"fields\":{\"tagline\":\"Engineering Hero\",\"primaryButton\":{\"type\":\"custom\",\"custom\":\"http:\\/\\/www.google.com\",\"text\":\"Custom Eng\"},\"secondaryButton\":{\"type\":\"custom\",\"custom\":\"http:\\/\\/www.google.com\",\"text\":\"Second Button\"}}}}}}', '2015-08-25 20:08:19', '2015-08-25 20:08:19', 'd291e2e9-bffc-4e63-b6b5-a027ccb0904b'),
 ('7', '39', '5', '1', 'en_us', '1', '', '{\"typeId\":null,\"authorId\":\"1\",\"title\":\"Boulder\",\"slug\":\"boulder\",\"postDate\":1440533562,\"expiryDate\":null,\"enabled\":1,\"fields\":{\"62\":{\"new1\":{\"type\":\"hero\",\"enabled\":\"1\",\"fields\":{\"tagline\":\"Boulder Hero\",\"primaryButton\":{\"type\":\"custom\",\"custom\":\"http:\\/\\/www.google.com\",\"text\":\"Custom Boulder\"},\"secondaryButton\":{\"type\":\"custom\",\"custom\":\"http:\\/\\/www.google.com\",\"text\":\"Second Button\"}}}}}}', '2015-08-25 20:12:43', '2015-08-25 20:12:43', '886f1926-ac24-4c73-891a-09bab1a64b1e'),
 ('8', '2', '1', '1', 'en_us', '2', '', '{\"typeId\":\"1\",\"authorId\":null,\"title\":\"Home\",\"slug\":\"homepage\",\"postDate\":1439414791,\"expiryDate\":null,\"enabled\":1,\"fields\":{\"62\":{\"34\":{\"type\":\"hero\",\"enabled\":\"1\",\"fields\":{\"tagline\":\"At AppDirect, you\\u2019ll build technology that helps millions of businesses become more successful, every day.\",\"primaryButton\":{\"type\":\"custom\",\"custom\":\"http:\\/\\/www.google.com\",\"text\":\"Click Me\"},\"secondaryButton\":{\"type\":\"custom\",\"custom\":\"http:\\/\\/www.google.com\",\"text\":\"Watch Video\"}}}}}}', '2015-12-15 15:25:25', '2015-12-15 15:25:25', '1f9e6d60-553b-441c-8843-24cf5b4fdfd8'),
 ('9', '2', '1', '1', 'en_us', '3', '', '{\"typeId\":\"1\",\"authorId\":null,\"title\":\"Home\",\"slug\":\"homepage\",\"postDate\":1439414791,\"expiryDate\":null,\"enabled\":1,\"fields\":{\"62\":{\"34\":{\"type\":\"hero\",\"enabled\":\"1\",\"fields\":{\"tagline\":\"At AppDirect, you\\u2019ll build technology that helps millions of businesses become more successful, every day.\",\"primaryButton\":{\"type\":\"custom\",\"custom\":\"http:\\/\\/www.google.com\",\"text\":\"Click Me\"},\"secondaryButton\":{\"type\":\"custom\",\"custom\":\"http:\\/\\/www.google.com\",\"text\":\"Watch Video\"},\"introText\":\"Technology that helps them discover the software tools that develop- ers and individuals (like you) are building for exciting industries all over the globe. Come disrupt how software is discovered and consumed with talented, but humble people from every walk of life.\"}}}}}', '2015-12-15 15:26:08', '2015-12-15 15:26:08', '6100ab63-12c2-4b2b-b9aa-aac8fb575490'),
 ('10', '2', '1', '1', 'en_us', '4', '', '{\"typeId\":\"1\",\"authorId\":null,\"title\":\"Home\",\"slug\":\"homepage\",\"postDate\":1439414791,\"expiryDate\":null,\"enabled\":1,\"fields\":{\"62\":{\"34\":{\"type\":\"hero\",\"enabled\":\"1\",\"fields\":{\"tagline\":\"At AppDirect, you\\u2019ll build technology that helps millions of businesses become more successful, every day.\",\"primaryButton\":{\"type\":\"custom\",\"custom\":\"http:\\/\\/www.google.com\",\"text\":\"Click Me\"},\"secondaryButton\":{\"type\":\"custom\",\"custom\":\"http:\\/\\/www.google.com\",\"text\":\"Watch Video\"},\"introText\":\"Technology that helps them discover the software tools that develop- ers and individuals (like you) are building for exciting industries all over the globe. Come disrupt how software is discovered and consumed with talented, but humble people from every walk of life.\"}},\"new1\":{\"type\":\"halfWidthPictureRight\",\"enabled\":\"1\",\"fields\":{\"label\":\"What We Do\",\"headline\":\"We\\u2019re a commerce platform for  nding, buying and selling cloud software.\",\"description\":\"Fusce dapibus, tellus ac cursus commodo, tortor mauris condi- mentum nibh, ut fermentum massa justo sit amet risus. Integer posuere erat a ante venenatis dapibus posuere velit aliquet. Cum sociis natoque penatibus et magnis dis parturient montes, nascetur ridiculus mus. Nulla vitae elit libero.\",\"learnmore\":{\"type\":\"custom\",\"email\":\"\",\"tel\":\"\",\"custom\":\"http:\\/\\/www.appdirect.com\",\"entry\":\"\",\"asset\":\"\",\"category\":\"\",\"text\":\"Learn More\"},\"illustration\":\"\"}}}}}', '2015-12-15 15:58:06', '2015-12-15 15:58:06', 'bc03e27e-e1a0-43ac-84ce-e41feb707e60'),
 ('11', '2', '1', '1', 'en_us', '5', '', '{\"typeId\":\"1\",\"authorId\":null,\"title\":\"Home\",\"slug\":\"homepage\",\"postDate\":1439414791,\"expiryDate\":null,\"enabled\":1,\"fields\":{\"62\":{\"41\":{\"type\":\"halfWidthPictureRight\",\"enabled\":\"1\",\"fields\":{\"label\":\"What We Do\",\"headline\":\"We\\u2019re a commerce platform for  nding, buying and selling cloud software.\",\"description\":\"Fusce dapibus, tellus ac cursus commodo, tortor mauris condi- mentum nibh, ut fermentum massa justo sit amet risus. Integer posuere erat a ante venenatis dapibus posuere velit aliquet. Cum sociis natoque penatibus et magnis dis parturient montes, nascetur ridiculus mus. Nulla vitae elit libero.\",\"learnmore\":{\"type\":\"custom\",\"email\":\"\",\"tel\":\"\",\"custom\":\"http:\\/\\/www.appdirect.com\",\"entry\":\"\",\"asset\":\"\",\"category\":\"\",\"text\":\"Learn More\"},\"illustration\":\"\"}},\"34\":{\"type\":\"hero\",\"enabled\":\"1\",\"fields\":{\"tagline\":\"At AppDirect, you\\u2019ll build technology that helps millions of businesses become more successful, every day.\",\"primaryButton\":{\"type\":\"custom\",\"custom\":\"http:\\/\\/www.google.com\",\"text\":\"Click Me\"},\"secondaryButton\":{\"type\":\"custom\",\"custom\":\"http:\\/\\/www.google.com\",\"text\":\"Watch Video\"},\"introText\":\"Technology that helps them discover the software tools that develop- ers and individuals (like you) are building for exciting industries all over the globe. Come disrupt how software is discovered and consumed with talented, but humble people from every walk of life.\"}}}}}', '2015-12-15 16:07:35', '2015-12-15 16:07:35', '64358b14-a568-4429-a443-2287b269ea2a'),
 ('12', '2', '1', '1', 'en_us', '6', '', '{\"typeId\":\"1\",\"authorId\":null,\"title\":\"Home\",\"slug\":\"homepage\",\"postDate\":1439414791,\"expiryDate\":null,\"enabled\":1,\"fields\":{\"62\":{\"34\":{\"type\":\"hero\",\"enabled\":\"1\",\"fields\":{\"tagline\":\"At AppDirect, you\\u2019ll build technology that helps millions of businesses become more successful, every day.\",\"primaryButton\":{\"type\":\"custom\",\"custom\":\"http:\\/\\/www.google.com\",\"text\":\"Click Me\"},\"secondaryButton\":{\"type\":\"custom\",\"custom\":\"http:\\/\\/www.google.com\",\"text\":\"Watch Video\"},\"introText\":\"Technology that helps them discover the software tools that develop- ers and individuals (like you) are building for exciting industries all over the globe. Come disrupt how software is discovered and consumed with talented, but humble people from every walk of life.\"}},\"41\":{\"type\":\"halfWidthPictureRight\",\"enabled\":\"1\",\"fields\":{\"label\":\"What We Do\",\"headline\":\"We\\u2019re a commerce platform for  nding, buying and selling cloud software.\",\"description\":\"Fusce dapibus, tellus ac cursus commodo, tortor mauris condi- mentum nibh, ut fermentum massa justo sit amet risus. Integer posuere erat a ante venenatis dapibus posuere velit aliquet. Cum sociis natoque penatibus et magnis dis parturient montes, nascetur ridiculus mus. Nulla vitae elit libero.\",\"learnmore\":{\"type\":\"custom\",\"email\":\"\",\"tel\":\"\",\"custom\":\"http:\\/\\/www.appdirect.com\",\"entry\":\"\",\"asset\":\"\",\"category\":\"\",\"text\":\"Learn More\"},\"illustration\":\"\"}}}}}', '2015-12-15 16:07:52', '2015-12-15 16:07:52', '009f6dee-ed32-48b7-9ade-aef7acf9ef8d'),
 ('13', '2', '1', '1', 'en_us', '7', '', '{\"typeId\":\"1\",\"authorId\":null,\"title\":\"Home\",\"slug\":\"homepage\",\"postDate\":1439414791,\"expiryDate\":null,\"enabled\":1,\"fields\":{\"62\":{\"34\":{\"type\":\"hero\",\"enabled\":\"1\",\"fields\":{\"tagline\":\"At AppDirect, you\\u2019ll build technology that helps millions of businesses become more successful, every day.\",\"primaryButton\":{\"type\":\"custom\",\"custom\":\"http:\\/\\/www.google.com\",\"text\":\"Click Me\"},\"secondaryButton\":{\"type\":\"custom\",\"custom\":\"http:\\/\\/www.google.com\",\"text\":\"Watch Video\"},\"introText\":\"Technology that helps them discover the software tools that develop- ers and individuals (like you) are building for exciting industries all over the globe. Come disrupt how software is discovered and consumed with talented, but humble people from every walk of life.\"}},\"41\":{\"type\":\"halfWidthPictureRight\",\"enabled\":\"1\",\"fields\":{\"label\":\"What We Do\",\"headline\":\"We\\u2019re a commerce platform for finding, buying and selling cloud software.\",\"description\":\"Fusce dapibus, tellus ac cursus commodo, tortor mauris condi- mentum nibh, ut fermentum massa justo sit amet risus. Integer posuere erat a ante venenatis dapibus posuere velit aliquet. Cum sociis natoque penatibus et magnis dis parturient montes, nascetur ridiculus mus. Nulla vitae elit libero.\",\"learnmore\":{\"type\":\"custom\",\"email\":\"\",\"tel\":\"\",\"custom\":\"http:\\/\\/www.appdirect.com\",\"entry\":\"\",\"asset\":\"\",\"category\":\"\",\"text\":\"Learn More\"},\"illustration\":\"\"}}}}}', '2015-12-15 16:08:14', '2015-12-15 16:08:14', '9ff5bf7c-44b4-4ead-a406-0ef25a150ad0'),
 ('14', '2', '1', '1', 'en_us', '8', '', '{\"typeId\":\"1\",\"authorId\":null,\"title\":\"Home\",\"slug\":\"homepage\",\"postDate\":1439414791,\"expiryDate\":null,\"enabled\":1,\"fields\":{\"62\":{\"34\":{\"type\":\"hero\",\"enabled\":\"1\",\"fields\":{\"tagline\":\"At AppDirect, you\\u2019ll build technology that helps millions of businesses become more successful, every day.\",\"primaryButton\":{\"type\":\"custom\",\"custom\":\"http:\\/\\/www.google.com\",\"text\":\"Click Me\"},\"secondaryButton\":{\"type\":\"custom\",\"custom\":\"http:\\/\\/www.google.com\",\"text\":\"Watch Video\"},\"introText\":\"Technology that helps them discover the software tools that develop- ers and individuals (like you) are building for exciting industries all over the globe. Come disrupt how software is discovered and consumed with talented, but humble people from every walk of life.\"}},\"41\":{\"type\":\"halfWidthPictureRight\",\"enabled\":\"1\",\"fields\":{\"label\":\"What We Do\",\"headline\":\"We\\u2019re a commerce platform for finding, buying and selling cloud software.\",\"description\":\"Fusce dapibus, tellus ac cursus commodo, tortor mauris condi- mentum nibh, ut fermentum massa justo sit amet risus. Integer posuere erat a ante venenatis dapibus posuere velit aliquet. Cum sociis natoque penatibus et magnis dis parturient montes, nascetur ridiculus mus. Nulla vitae elit libero.\",\"learnmore\":{\"type\":\"custom\",\"email\":\"\",\"tel\":\"\",\"custom\":\"http:\\/\\/www.appdirect.com\",\"entry\":\"\",\"asset\":\"\",\"category\":\"\",\"text\":\"Learn More\"},\"illustration\":\"\"}}}}}', '2015-12-15 16:08:17', '2015-12-15 16:08:17', '83e9d6de-dadb-43e5-9004-25d80b962a3f'),
 ('15', '2', '1', '1', 'en_us', '9', '', '{\"typeId\":\"1\",\"authorId\":null,\"title\":\"Home\",\"slug\":\"homepage\",\"postDate\":1439414791,\"expiryDate\":null,\"enabled\":1,\"fields\":{\"62\":{\"34\":{\"type\":\"hero\",\"enabled\":\"1\",\"fields\":{\"tagline\":\"At AppDirect, you\\u2019ll build technology that helps millions of businesses become more successful, every day.\",\"primaryButton\":{\"type\":\"custom\",\"custom\":\"http:\\/\\/www.google.com\",\"text\":\"Click Me\"},\"secondaryButton\":{\"type\":\"custom\",\"custom\":\"http:\\/\\/www.google.com\",\"text\":\"Watch Video\"},\"introText\":\"Technology that helps them discover the software tools that develop- ers and individuals (like you) are building for exciting industries all over the globe. Come disrupt how software is discovered and consumed with talented, but humble people from every walk of life.\"}},\"41\":{\"type\":\"halfWidthPictureRight\",\"enabled\":\"1\",\"fields\":{\"label\":\"What We Do\",\"headline\":\"We\\u2019re a commerce platform for finding, buying and selling cloud software.\",\"description\":\"Fusce dapibus, tellus ac cursus commodo, tortor mauris condi- mentum nibh, ut fermentum massa justo sit amet risus. Integer posuere erat a ante venenatis dapibus posuere velit aliquet. Cum sociis natoque penatibus et magnis dis parturient montes, nascetur ridiculus mus. Nulla vitae elit libero.\",\"learnmore\":{\"type\":\"custom\",\"email\":\"\",\"tel\":\"\",\"custom\":\"http:\\/\\/www.appdirect.com\",\"entry\":\"\",\"asset\":\"\",\"category\":\"\",\"text\":\"Learn More\"},\"illustration\":\"\"}},\"new1\":{\"type\":\"jobsTable\",\"enabled\":\"1\",\"fields\":{\"jobs\":\"\"}}}}}', '2015-12-15 16:18:18', '2015-12-15 16:18:18', '5ac884ed-64ad-4680-bd4c-2d6260b09b1b'),
 ('16', '43', '7', '1', 'en_us', '1', '', '{\"typeId\":null,\"authorId\":\"1\",\"title\":\"Test Boulder Job\",\"slug\":\"test-boulder-job\",\"postDate\":1450196607,\"expiryDate\":null,\"enabled\":1,\"fields\":{\"74\":[\"39\"],\"73\":\"\"}}', '2015-12-15 16:23:27', '2015-12-15 16:23:27', '302db30d-19c1-4308-a585-4983dc0fc712'),
 ('17', '43', '7', '1', 'en_us', '2', '', '{\"typeId\":\"8\",\"authorId\":\"1\",\"title\":\"Test Boulder Job\",\"slug\":\"test-boulder-job\",\"postDate\":1450196580,\"expiryDate\":null,\"enabled\":1,\"fields\":{\"74\":[\"39\"],\"73\":[\"37\"]}}', '2015-12-15 16:24:00', '2015-12-15 16:24:00', 'cb01583e-ff73-45e4-b860-b7cdaa22d981'),
 ('18', '43', '7', '1', 'en_us', '3', '', '{\"typeId\":\"8\",\"authorId\":\"1\",\"title\":\"Test Boulder Job\",\"slug\":\"test-boulder-job\",\"postDate\":1450196580,\"expiryDate\":null,\"enabled\":1,\"fields\":{\"75\":\"\",\"74\":[\"39\"],\"73\":[\"37\"]}}', '2015-12-15 16:25:14', '2015-12-15 16:25:14', 'a3972862-2055-4c51-828c-223d2a25d2bc'),
 ('19', '2', '1', '1', 'en_us', '10', '', '{\"typeId\":\"1\",\"authorId\":null,\"title\":\"Home\",\"slug\":\"homepage\",\"postDate\":1439414791,\"expiryDate\":null,\"enabled\":1,\"fields\":{\"62\":{\"34\":{\"type\":\"hero\",\"enabled\":\"1\",\"fields\":{\"tagline\":\"At AppDirect, you\\u2019ll build technology that helps millions of businesses become more successful, every day.\",\"primaryButton\":{\"type\":\"custom\",\"custom\":\"http:\\/\\/www.google.com\",\"text\":\"Click Me\"},\"secondaryButton\":{\"type\":\"custom\",\"custom\":\"http:\\/\\/www.google.com\",\"text\":\"Watch Video\"},\"introText\":\"Technology that helps them discover the software tools that develop- ers and individuals (like you) are building for exciting industries all over the globe. Come disrupt how software is discovered and consumed with talented, but humble people from every walk of life.\"}},\"41\":{\"type\":\"halfWidthPictureRight\",\"enabled\":\"1\",\"fields\":{\"label\":\"What We Do\",\"headline\":\"We\\u2019re a commerce platform for finding, buying and selling cloud software.\",\"description\":\"Fusce dapibus, tellus ac cursus commodo, tortor mauris condi- mentum nibh, ut fermentum massa justo sit amet risus. Integer posuere erat a ante venenatis dapibus posuere velit aliquet. Cum sociis natoque penatibus et magnis dis parturient montes, nascetur ridiculus mus. Nulla vitae elit libero.\",\"learnmore\":{\"type\":\"custom\",\"email\":\"\",\"tel\":\"\",\"custom\":\"http:\\/\\/www.appdirect.com\",\"entry\":\"\",\"asset\":\"\",\"category\":\"\",\"text\":\"Learn More\"},\"illustration\":\"\"}},\"42\":{\"type\":\"jobsTable\",\"enabled\":\"1\",\"fields\":{\"jobsHeadline\":\"Duis mollis, est non commodo luctus, nisi erat porttitor ligula, eget lacinia odio elit. Cum sociis natoque penatibus magnis parturient.\"}}}}}', '2015-12-15 16:47:29', '2015-12-15 16:47:29', '578ee7e9-7b13-4991-b236-d5be7257e061'),
 ('20', '2', '1', '1', 'en_us', '11', '', '{\"typeId\":\"1\",\"authorId\":null,\"title\":\"Home\",\"slug\":\"homepage\",\"postDate\":1439414791,\"expiryDate\":null,\"enabled\":1,\"fields\":{\"62\":{\"34\":{\"type\":\"hero\",\"enabled\":\"1\",\"fields\":{\"tagline\":\"At AppDirect, you\\u2019ll build technology that helps millions of businesses become more successful, every day.\",\"primaryButton\":{\"type\":\"custom\",\"custom\":\"http:\\/\\/www.google.com\",\"text\":\"Click Me\"},\"secondaryButton\":{\"type\":\"custom\",\"custom\":\"http:\\/\\/www.google.com\",\"text\":\"Watch Video\"},\"introText\":\"Technology that helps them discover the software tools that develop- ers and individuals (like you) are building for exciting industries all over the globe. Come disrupt how software is discovered and consumed with talented, but humble people from every walk of life.\"}},\"41\":{\"type\":\"halfWidthPictureRight\",\"enabled\":\"1\",\"fields\":{\"label\":\"What We Do\",\"headline\":\"We\\u2019re a commerce platform for finding, buying and selling cloud software.\",\"description\":\"Fusce dapibus, tellus ac cursus commodo, tortor mauris condi- mentum nibh, ut fermentum massa justo sit amet risus. Integer posuere erat a ante venenatis dapibus posuere velit aliquet. Cum sociis natoque penatibus et magnis dis parturient montes, nascetur ridiculus mus. Nulla vitae elit libero.\",\"learnmore\":{\"type\":\"custom\",\"email\":\"\",\"tel\":\"\",\"custom\":\"http:\\/\\/www.appdirect.com\",\"entry\":\"\",\"asset\":\"\",\"category\":\"\",\"text\":\"Learn More\"},\"illustration\":\"\"}},\"42\":{\"type\":\"jobsTable\",\"enabled\":\"1\",\"fields\":{\"jobsHeadline\":\"Duis mollis, est non commodo luctus, nisi erat porttitor ligula, eget lacinia odio elit. Cum sociis natoque penatibus magnis parturient.\"}},\"new1\":{\"type\":\"values\",\"enabled\":\"1\",\"fields\":{\"values\":\"\"}}}}}', '2015-12-16 16:35:50', '2015-12-16 16:35:50', '97abe5f1-59bd-42e7-9e89-0a7b45fd0381'),
 ('21', '2', '1', '1', 'en_us', '12', '', '{\"typeId\":\"1\",\"authorId\":null,\"title\":\"Home\",\"slug\":\"homepage\",\"postDate\":1439414791,\"expiryDate\":null,\"enabled\":1,\"fields\":{\"62\":{\"34\":{\"type\":\"hero\",\"enabled\":\"1\",\"fields\":{\"tagline\":\"At AppDirect, you\\u2019ll build technology that helps millions of businesses become more successful, every day.\",\"primaryButton\":{\"type\":\"custom\",\"custom\":\"http:\\/\\/www.google.com\",\"text\":\"Click Me\"},\"secondaryButton\":{\"type\":\"custom\",\"custom\":\"http:\\/\\/www.google.com\",\"text\":\"Watch Video\"},\"introText\":\"Technology that helps them discover the software tools that develop- ers and individuals (like you) are building for exciting industries all over the globe. Come disrupt how software is discovered and consumed with talented, but humble people from every walk of life.\"}},\"41\":{\"type\":\"halfWidthPictureRight\",\"enabled\":\"1\",\"fields\":{\"label\":\"What We Do\",\"headline\":\"We\\u2019re a commerce platform for finding, buying and selling cloud software.\",\"description\":\"Fusce dapibus, tellus ac cursus commodo, tortor mauris condi- mentum nibh, ut fermentum massa justo sit amet risus. Integer posuere erat a ante venenatis dapibus posuere velit aliquet. Cum sociis natoque penatibus et magnis dis parturient montes, nascetur ridiculus mus. Nulla vitae elit libero.\",\"learnmore\":{\"type\":\"custom\",\"email\":\"\",\"tel\":\"\",\"custom\":\"http:\\/\\/www.appdirect.com\",\"entry\":\"\",\"asset\":\"\",\"category\":\"\",\"text\":\"Learn More\"},\"illustration\":\"\"}},\"44\":{\"type\":\"values\",\"enabled\":\"1\",\"fields\":{\"values\":\"\"}},\"new1\":{\"type\":\"halfWidthPictureRight\",\"enabled\":\"1\",\"fields\":{\"label\":\"Teams\",\"headline\":\"Duis mollis, est commodo luctus, nisi erat porttitor ligula, eget lacinia odio sem nec elit. Cum sociis natoque magnis parturient montes.\",\"description\":\" Fusce dapibus, tellus ac cursus commodo, tortor mauris condi- mentum nibh, ut fermentum massa justo sit amet risus. Integer posuere erat a ante venenatis dapibus posuere velit aliquet. Cum sociis natoque penatibus et magnis dis parturient montes, nasce- tur ridiculus mus nulla vitae elit libero.\",\"learnmore\":{\"type\":\"\",\"email\":\"\",\"tel\":\"\",\"custom\":\"\",\"entry\":\"\",\"asset\":\"\",\"category\":\"\",\"text\":\"\"},\"illustration\":\"\"}},\"42\":{\"type\":\"jobsTable\",\"enabled\":\"1\",\"fields\":{\"jobsHeadline\":\"Duis mollis, est non commodo luctus, nisi erat porttitor ligula, eget lacinia odio elit. Cum sociis natoque penatibus magnis parturient.\"}}}}}', '2015-12-16 16:37:39', '2015-12-16 16:37:39', '6327f033-9477-488f-b95d-356d8c070959'),
 ('22', '46', '8', '1', 'en_us', '1', '', '{\"typeId\":null,\"authorId\":\"1\",\"title\":\"Vince Bonanno\",\"slug\":\"vince-bonanno\",\"postDate\":1450285136,\"expiryDate\":null,\"enabled\":1,\"fields\":{\"82\":\"Watch Video\",\"79\":\"Vince Bonanno\",\"77\":\"\",\"78\":\"<p>\\u201cDuis mollis, est non commo-\\r\\ndo luctus, nisi erat porttitor\\r\\nligula, eget lacinia odio sem\\r\\nnec elit. Cum sociis natoque\\r\\npenatibus magnis parturi-\\r\\nent montes nascetur.\\u201d <\\/p>\",\"80\":\"Title\",\"81\":\"09m6mteg0f\"}}', '2015-12-16 16:58:56', '2015-12-16 16:58:56', '451e4754-4f53-42d7-80a5-10c472f56704'),
 ('23', '47', '8', '1', 'en_us', '1', '', '{\"typeId\":null,\"authorId\":\"1\",\"title\":\"Adi\",\"slug\":\"adi\",\"postDate\":1450285165,\"expiryDate\":null,\"enabled\":1,\"fields\":{\"82\":\"\",\"79\":\"Adi\",\"77\":\"\",\"78\":\"<p>\\u201cDuis mollis, est non commo-\\r\\ndo luctus, nisi erat porttitor\\r\\nligula, eget lacinia odio sem\\r\\nnec elit. Cum sociis natoque\\r\\npenatibus magnis parturi-\\r\\nent montes nascetur.\\u201d <\\/p>\",\"80\":\"Title\",\"81\":\"1zw915bp5e\"}}', '2015-12-16 16:59:25', '2015-12-16 16:59:25', 'e00bd7af-2824-420f-b27e-a7ca66eddbd4'),
 ('24', '48', '8', '1', 'en_us', '1', '', '{\"typeId\":null,\"authorId\":\"1\",\"title\":\"Jihan\",\"slug\":\"jihan\",\"postDate\":1450285201,\"expiryDate\":null,\"enabled\":1,\"fields\":{\"82\":\"\",\"79\":\"Jihan\",\"77\":\"\",\"78\":\"<p>\\u201cDuis mollis, est non commo-\\r\\ndo luctus, nisi erat porttitor\\r\\nligula, eget lacinia odio sem\\r\\nnec elit. Cum sociis natoque\\r\\npenatibus magnis parturi-\\r\\nent montes nascetur.\\u201d <\\/p>\",\"80\":\"Title\",\"81\":\"zjw45tcpij\"}}', '2015-12-16 17:00:01', '2015-12-16 17:00:01', '2e31e1b2-4ff6-4a7d-9aa5-1a949d0eea0a'),
 ('25', '2', '1', '1', 'en_us', '13', '', '{\"typeId\":\"1\",\"authorId\":null,\"title\":\"Home\",\"slug\":\"homepage\",\"postDate\":1439414791,\"expiryDate\":null,\"enabled\":1,\"fields\":{\"62\":{\"34\":{\"type\":\"hero\",\"enabled\":\"1\",\"fields\":{\"tagline\":\"At AppDirect, you\\u2019ll build technology that helps millions of businesses become more successful, every day.\",\"primaryButton\":{\"type\":\"custom\",\"custom\":\"http:\\/\\/www.google.com\",\"text\":\"Click Me\"},\"secondaryButton\":{\"type\":\"custom\",\"custom\":\"http:\\/\\/www.google.com\",\"text\":\"Watch Video\"},\"introText\":\"Technology that helps them discover the software tools that develop- ers and individuals (like you) are building for exciting industries all over the globe. Come disrupt how software is discovered and consumed with talented, but humble people from every walk of life.\"}},\"41\":{\"type\":\"halfWidthPictureRight\",\"enabled\":\"1\",\"fields\":{\"label\":\"What We Do\",\"headline\":\"We\\u2019re a commerce platform for finding, buying and selling cloud software.\",\"description\":\"Fusce dapibus, tellus ac cursus commodo, tortor mauris condi- mentum nibh, ut fermentum massa justo sit amet risus. Integer posuere erat a ante venenatis dapibus posuere velit aliquet. Cum sociis natoque penatibus et magnis dis parturient montes, nascetur ridiculus mus. Nulla vitae elit libero.\",\"learnmore\":{\"type\":\"custom\",\"email\":\"\",\"tel\":\"\",\"custom\":\"http:\\/\\/www.appdirect.com\",\"entry\":\"\",\"asset\":\"\",\"category\":\"\",\"text\":\"Learn More\"},\"illustration\":\"\"}},\"44\":{\"type\":\"values\",\"enabled\":\"1\",\"fields\":{\"values\":\"\"}},\"45\":{\"type\":\"halfWidthPictureRight\",\"enabled\":\"1\",\"fields\":{\"label\":\"Teams\",\"headline\":\"Duis mollis, est commodo luctus, nisi erat porttitor ligula, eget lacinia odio sem nec elit. Cum sociis natoque magnis parturient montes.\",\"description\":\" Fusce dapibus, tellus ac cursus commodo, tortor mauris condi- mentum nibh, ut fermentum massa justo sit amet risus. Integer posuere erat a ante venenatis dapibus posuere velit aliquet. Cum sociis natoque penatibus et magnis dis parturient montes, nasce- tur ridiculus mus nulla vitae elit libero.\",\"learnmore\":{\"type\":\"\",\"email\":\"\",\"tel\":\"\",\"custom\":\"\",\"entry\":\"\",\"asset\":\"\",\"category\":\"\",\"text\":\"\"},\"illustration\":\"\"}},\"42\":{\"type\":\"jobsTable\",\"enabled\":\"1\",\"fields\":{\"jobsHeadline\":\"Duis mollis, est non commodo luctus, nisi erat porttitor ligula, eget lacinia odio elit. Cum sociis natoque penatibus magnis parturient.\"}},\"new1\":{\"type\":\"videoThreeUp\",\"enabled\":\"1\",\"fields\":{\"videos\":[\"48\",\"46\",\"47\"]}}}}}', '2015-12-16 17:00:25', '2015-12-16 17:00:25', '184e982f-839f-4302-a14e-b3fd63cd37b3'),
 ('26', '48', '8', '1', 'en_us', '2', '', '{\"typeId\":\"9\",\"authorId\":\"1\",\"title\":\"Jihan\",\"slug\":\"jihan\",\"postDate\":1450285200,\"expiryDate\":null,\"enabled\":1,\"fields\":{\"82\":\"Watch Video\",\"79\":\"Jihan\",\"77\":\"\",\"78\":\"<p>\\u201cDuis mollis, est non commo-\\r\\ndo luctus, nisi erat porttitor\\r\\nligula, eget lacinia odio sem\\r\\nnec elit. Cum sociis natoque\\r\\npenatibus magnis parturi-\\r\\nent montes nascetur.\\u201d <\\/p>\",\"80\":\"Title\",\"81\":\"zjw45tcpij\"}}', '2015-12-16 17:07:20', '2015-12-16 17:07:20', 'c8e8c91a-de65-41e3-baca-1f78d901052b'),
 ('27', '47', '8', '1', 'en_us', '2', '', '{\"typeId\":\"9\",\"authorId\":\"1\",\"title\":\"Adi\",\"slug\":\"adi\",\"postDate\":1450285140,\"expiryDate\":null,\"enabled\":1,\"fields\":{\"82\":\"Watch Video\",\"79\":\"Adi\",\"77\":\"\",\"78\":\"<p>\\u201cDuis mollis, est non commo-\\r\\ndo luctus, nisi erat porttitor\\r\\nligula, eget lacinia odio sem\\r\\nnec elit. Cum sociis natoque\\r\\npenatibus magnis parturi-\\r\\nent montes nascetur.\\u201d <\\/p>\",\"80\":\"Title\",\"81\":\"1zw915bp5e\"}}', '2015-12-16 17:07:34', '2015-12-16 17:07:34', '55539484-4791-412b-941d-9b911d98faae'),
 ('28', '2', '1', '1', 'en_us', '14', '', '{\"typeId\":\"1\",\"authorId\":null,\"title\":\"Home\",\"slug\":\"homepage\",\"postDate\":1439414791,\"expiryDate\":null,\"enabled\":1,\"fields\":{\"62\":{\"34\":{\"type\":\"hero\",\"enabled\":\"1\",\"fields\":{\"tagline\":\"At AppDirect, you\\u2019ll build technology that helps millions of businesses become more successful, every day.\",\"primaryButton\":{\"type\":\"custom\",\"custom\":\"http:\\/\\/www.google.com\",\"text\":\"Click Me\"},\"secondaryButton\":{\"type\":\"custom\",\"custom\":\"http:\\/\\/www.google.com\",\"text\":\"Watch Video\"},\"introText\":\"Technology that helps them discover the software tools that develop- ers and individuals (like you) are building for exciting industries all over the globe. Come disrupt how software is discovered and consumed with talented, but humble people from every walk of life.\"}},\"41\":{\"type\":\"halfWidthPictureRight\",\"enabled\":\"1\",\"fields\":{\"label\":\"What We Do\",\"headline\":\"We\\u2019re a commerce platform for finding, buying and selling cloud software.\",\"description\":\"Fusce dapibus, tellus ac cursus commodo, tortor mauris condi- mentum nibh, ut fermentum massa justo sit amet risus. Integer posuere erat a ante venenatis dapibus posuere velit aliquet. Cum sociis natoque penatibus et magnis dis parturient montes, nascetur ridiculus mus. Nulla vitae elit libero.\",\"learnmore\":{\"type\":\"custom\",\"email\":\"\",\"tel\":\"\",\"custom\":\"http:\\/\\/www.appdirect.com\",\"entry\":\"\",\"asset\":\"\",\"category\":\"\",\"text\":\"Learn More\"},\"illustration\":\"\"}},\"49\":{\"type\":\"videoThreeUp\",\"enabled\":\"1\",\"fields\":{\"videos\":[\"48\",\"46\",\"47\"]}},\"44\":{\"type\":\"values\",\"enabled\":\"1\",\"fields\":{\"values\":\"\"}},\"45\":{\"type\":\"halfWidthPictureRight\",\"enabled\":\"1\",\"fields\":{\"label\":\"Teams\",\"headline\":\"Duis mollis, est commodo luctus, nisi erat porttitor ligula, eget lacinia odio sem nec elit. Cum sociis natoque magnis parturient montes.\",\"description\":\" Fusce dapibus, tellus ac cursus commodo, tortor mauris condi- mentum nibh, ut fermentum massa justo sit amet risus. Integer posuere erat a ante venenatis dapibus posuere velit aliquet. Cum sociis natoque penatibus et magnis dis parturient montes, nasce- tur ridiculus mus nulla vitae elit libero.\",\"learnmore\":{\"type\":\"\",\"email\":\"\",\"tel\":\"\",\"custom\":\"\",\"entry\":\"\",\"asset\":\"\",\"category\":\"\",\"text\":\"\"},\"illustration\":\"\"}},\"42\":{\"type\":\"jobsTable\",\"enabled\":\"1\",\"fields\":{\"jobsHeadline\":\"Duis mollis, est non commodo luctus, nisi erat porttitor ligula, eget lacinia odio elit. Cum sociis natoque penatibus magnis parturient.\"}}}}}', '2015-12-16 17:18:11', '2015-12-16 17:18:11', 'a436b53e-66a3-44b4-898b-51c4465e2f2b'),
 ('29', '2', '1', '1', 'en_us', '15', '', '{\"typeId\":\"1\",\"authorId\":null,\"title\":\"Home\",\"slug\":\"homepage\",\"postDate\":1439414791,\"expiryDate\":null,\"enabled\":1,\"fields\":{\"62\":{\"34\":{\"type\":\"hero\",\"enabled\":\"1\",\"fields\":{\"tagline\":\"At AppDirect, you\\u2019ll build technology that helps millions of businesses become more successful, every day.\",\"primaryButton\":{\"type\":\"custom\",\"custom\":\"http:\\/\\/www.google.com\",\"text\":\"See Job Openings\"},\"secondaryButton\":{\"type\":\"custom\",\"custom\":\"http:\\/\\/www.google.com\",\"text\":\"Watch Video\"},\"introText\":\"Technology that helps them discover the software tools that develop- ers and individuals (like you) are building for exciting industries all over the globe. Come disrupt how software is discovered and consumed with talented, but humble people from every walk of life.\"}},\"41\":{\"type\":\"halfWidthPictureRight\",\"enabled\":\"1\",\"fields\":{\"label\":\"What We Do\",\"headline\":\"We\\u2019re a commerce platform for finding, buying and selling cloud software.\",\"description\":\"Fusce dapibus, tellus ac cursus commodo, tortor mauris condi- mentum nibh, ut fermentum massa justo sit amet risus. Integer posuere erat a ante venenatis dapibus posuere velit aliquet. Cum sociis natoque penatibus et magnis dis parturient montes, nascetur ridiculus mus. Nulla vitae elit libero.\",\"learnmore\":{\"type\":\"custom\",\"email\":\"\",\"tel\":\"\",\"custom\":\"http:\\/\\/www.appdirect.com\",\"entry\":\"\",\"asset\":\"\",\"category\":\"\",\"text\":\"Learn More\"},\"illustration\":\"\"}},\"49\":{\"type\":\"videoThreeUp\",\"enabled\":\"1\",\"fields\":{\"videos\":[\"48\",\"46\",\"47\"]}},\"44\":{\"type\":\"values\",\"enabled\":\"1\",\"fields\":{\"values\":\"\"}},\"45\":{\"type\":\"halfWidthPictureRight\",\"enabled\":\"1\",\"fields\":{\"label\":\"Teams\",\"headline\":\"Duis mollis, est commodo luctus, nisi erat porttitor ligula, eget lacinia odio sem nec elit. Cum sociis natoque magnis parturient montes.\",\"description\":\" Fusce dapibus, tellus ac cursus commodo, tortor mauris condi- mentum nibh, ut fermentum massa justo sit amet risus. Integer posuere erat a ante venenatis dapibus posuere velit aliquet. Cum sociis natoque penatibus et magnis dis parturient montes, nasce- tur ridiculus mus nulla vitae elit libero.\",\"learnmore\":{\"type\":\"\",\"email\":\"\",\"tel\":\"\",\"custom\":\"\",\"entry\":\"\",\"asset\":\"\",\"category\":\"\",\"text\":\"\"},\"illustration\":\"\"}},\"42\":{\"type\":\"jobsTable\",\"enabled\":\"1\",\"fields\":{\"jobsHeadline\":\"Duis mollis, est non commodo luctus, nisi erat porttitor ligula, eget lacinia odio elit. Cum sociis natoque penatibus magnis parturient.\"}}}}}', '2015-12-16 17:36:42', '2015-12-16 17:36:42', 'ab5aaaf0-2f0d-4878-b211-10a7b17461a9'),
 ('30', '2', '1', '1', 'en_us', '16', '', '{\"typeId\":\"1\",\"authorId\":null,\"title\":\"Home\",\"slug\":\"homepage\",\"postDate\":1439414791,\"expiryDate\":null,\"enabled\":1,\"fields\":{\"62\":{\"34\":{\"type\":\"hero\",\"enabled\":\"1\",\"fields\":{\"tagline\":\"At AppDirect, you\\u2019ll build technology that helps millions of businesses become more successful, every day.\",\"primaryButton\":{\"type\":\"custom\",\"custom\":\"http:\\/\\/www.google.com\",\"text\":\"See Job Openings\"},\"secondaryButton\":{\"type\":\"custom\",\"custom\":\"http:\\/\\/www.google.com\",\"text\":\"Watch Video\"},\"introText\":\"Technology that helps them discover the software tools that develop- ers and individuals (like you) are building for exciting industries all over the globe. Come disrupt how software is discovered and consumed with talented, but humble people from every walk of life.\",\"label\":\"\"}},\"41\":{\"type\":\"halfWidthPictureRight\",\"enabled\":\"1\",\"fields\":{\"label\":\"What We Do\",\"headline\":\"We\\u2019re a commerce platform for finding, buying and selling cloud software.\",\"description\":\"Fusce dapibus, tellus ac cursus commodo, tortor mauris condi- mentum nibh, ut fermentum massa justo sit amet risus. Integer posuere erat a ante venenatis dapibus posuere velit aliquet. Cum sociis natoque penatibus et magnis dis parturient montes, nascetur ridiculus mus. Nulla vitae elit libero.\",\"learnmore\":{\"type\":\"custom\",\"email\":\"\",\"tel\":\"\",\"custom\":\"http:\\/\\/www.appdirect.com\",\"entry\":\"\",\"asset\":\"\",\"category\":\"\",\"text\":\"Learn More\"},\"illustration\":\"\"}},\"49\":{\"type\":\"videoThreeUp\",\"enabled\":\"1\",\"fields\":{\"videos\":[\"48\",\"46\",\"47\"]}},\"44\":{\"type\":\"values\",\"enabled\":\"1\",\"fields\":{\"values\":\"\"}},\"45\":{\"type\":\"halfWidthPictureRight\",\"enabled\":\"1\",\"fields\":{\"label\":\"Teams\",\"headline\":\"Duis mollis, est commodo luctus, nisi erat porttitor ligula, eget lacinia odio sem nec elit. Cum sociis natoque magnis parturient montes.\",\"description\":\" Fusce dapibus, tellus ac cursus commodo, tortor mauris condi- mentum nibh, ut fermentum massa justo sit amet risus. Integer posuere erat a ante venenatis dapibus posuere velit aliquet. Cum sociis natoque penatibus et magnis dis parturient montes, nasce- tur ridiculus mus nulla vitae elit libero.\",\"learnmore\":{\"type\":\"\",\"email\":\"\",\"tel\":\"\",\"custom\":\"\",\"entry\":\"\",\"asset\":\"\",\"category\":\"\",\"text\":\"\"},\"illustration\":\"\"}},\"new1\":{\"type\":\"hero\",\"enabled\":\"1\",\"fields\":{\"tagline\":\"Duis mollis, est non commodo luctus, nisi erat porttitor ligula, eget lacinia odio sem nec elit. Cum sociis natoque penatibus WATCH VIDEO\",\"primaryButton\":{\"type\":\"custom\",\"custom\":\"google.com\",\"text\":\"\"},\"secondaryButton\":{\"type\":\"custom\",\"custom\":\"google.com\",\"text\":\"\"},\"introText\":\"Fusce dapibus, tellus ac cursus commodo, tortor mauris condimentum nibh, ut fermentum massa justo sit amet risus. Integer posuere erat a ante venenatis dapibus posuere velit aliquet. Cum sociis natoque penatibus et magnis.\",\"label\":\"Locations\"}},\"42\":{\"type\":\"jobsTable\",\"enabled\":\"1\",\"fields\":{\"jobsHeadline\":\"Duis mollis, est non commodo luctus, nisi erat porttitor ligula, eget lacinia odio elit. Cum sociis natoque penatibus magnis parturient.\"}}}}}', '2015-12-16 19:09:41', '2015-12-16 19:09:41', '5eac75ee-5f9f-4847-a660-eeba3e5975be'),
 ('31', '2', '1', '1', 'en_us', '17', '', '{\"typeId\":\"1\",\"authorId\":null,\"title\":\"Home\",\"slug\":\"homepage\",\"postDate\":1439414791,\"expiryDate\":null,\"enabled\":1,\"fields\":{\"62\":{\"34\":{\"type\":\"hero\",\"enabled\":\"1\",\"fields\":{\"tagline\":\"At AppDirect, you\\u2019ll build technology that helps millions of businesses become more successful, every day.\",\"primaryButton\":{\"type\":\"custom\",\"email\":\"\",\"tel\":\"\",\"custom\":\"http:\\/\\/www.google.com\",\"entry\":\"\",\"asset\":\"\",\"category\":\"\",\"text\":\"See Job Openings\"},\"secondaryButton\":{\"type\":\"custom\",\"email\":\"\",\"tel\":\"\",\"custom\":\"http:\\/\\/www.google.com\",\"entry\":\"\",\"asset\":\"\",\"category\":\"\",\"text\":\"Watch Video\"},\"introText\":\"Technology that helps them discover the software tools that develop- ers and individuals (like you) are building for exciting industries all over the globe. Come disrupt how software is discovered and consumed with talented, but humble people from every walk of life.\",\"label\":\"\"}},\"41\":{\"type\":\"halfWidthPictureRight\",\"enabled\":\"1\",\"fields\":{\"label\":\"What We Do\",\"headline\":\"We\\u2019re a commerce platform for finding, buying and selling cloud software.\",\"description\":\"Fusce dapibus, tellus ac cursus commodo, tortor mauris condi- mentum nibh, ut fermentum massa justo sit amet risus. Integer posuere erat a ante venenatis dapibus posuere velit aliquet. Cum sociis natoque penatibus et magnis dis parturient montes, nascetur ridiculus mus. Nulla vitae elit libero.\",\"learnmore\":{\"type\":\"custom\",\"email\":\"\",\"tel\":\"\",\"custom\":\"http:\\/\\/www.appdirect.com\",\"entry\":\"\",\"asset\":\"\",\"category\":\"\",\"text\":\"Learn More\"},\"illustration\":\"\"}},\"49\":{\"type\":\"videoThreeUp\",\"enabled\":\"1\",\"fields\":{\"videos\":[\"48\",\"46\",\"47\"]}},\"44\":{\"type\":\"values\",\"enabled\":\"1\",\"fields\":{\"values\":\"\"}},\"45\":{\"type\":\"halfWidthPictureRight\",\"enabled\":\"1\",\"fields\":{\"label\":\"Teams\",\"headline\":\"Duis mollis, est commodo luctus, nisi erat porttitor ligula, eget lacinia odio sem nec elit. Cum sociis natoque magnis parturient montes.\",\"description\":\" Fusce dapibus, tellus ac cursus commodo, tortor mauris condi- mentum nibh, ut fermentum massa justo sit amet risus. Integer posuere erat a ante venenatis dapibus posuere velit aliquet. Cum sociis natoque penatibus et magnis dis parturient montes, nasce- tur ridiculus mus nulla vitae elit libero.\",\"learnmore\":{\"type\":\"\",\"email\":\"\",\"tel\":\"\",\"custom\":\"\",\"entry\":\"\",\"asset\":\"\",\"category\":\"\",\"text\":\"\"},\"illustration\":\"\"}},\"50\":{\"type\":\"hero\",\"enabled\":\"1\",\"fields\":{\"tagline\":\"Duis mollis, est non commodo luctus, nisi erat porttitor ligula, eget lacinia odio sem nec elit. Cum sociis natoque penatibus WATCH VIDEO\",\"primaryButton\":{\"type\":\"\",\"email\":\"\",\"tel\":\"\",\"custom\":\"\",\"entry\":\"\",\"asset\":\"\",\"category\":\"\",\"text\":\"\"},\"secondaryButton\":{\"type\":\"\",\"email\":\"\",\"tel\":\"\",\"custom\":\"\",\"entry\":\"\",\"asset\":\"\",\"category\":\"\",\"text\":\"\"},\"introText\":\"Fusce dapibus, tellus ac cursus commodo, tortor mauris condimentum nibh, ut fermentum massa justo sit amet risus. Integer posuere erat a ante venenatis dapibus posuere velit aliquet. Cum sociis natoque penatibus et magnis.\",\"label\":\"Locations\"}},\"42\":{\"type\":\"jobsTable\",\"enabled\":\"1\",\"fields\":{\"jobsHeadline\":\"Duis mollis, est non commodo luctus, nisi erat porttitor ligula, eget lacinia odio elit. Cum sociis natoque penatibus magnis parturient.\"}}}}}', '2015-12-16 19:12:20', '2015-12-16 19:12:20', '5100d5dc-9346-475e-8668-0416e18f5be0'),
 ('32', '2', '1', '1', 'en_us', '18', '', '{\"typeId\":\"1\",\"authorId\":null,\"title\":\"Home\",\"slug\":\"homepage\",\"postDate\":1439414791,\"expiryDate\":null,\"enabled\":1,\"fields\":{\"62\":{\"34\":{\"type\":\"hero\",\"enabled\":\"1\",\"fields\":{\"tagline\":\"At AppDirect, you\\u2019ll build technology that helps millions of businesses become more successful, every day.\",\"primaryButton\":{\"type\":\"custom\",\"email\":\"\",\"tel\":\"\",\"custom\":\"http:\\/\\/www.google.com\",\"entry\":\"\",\"asset\":\"\",\"category\":\"\",\"text\":\"See Job Openings\"},\"secondaryButton\":{\"type\":\"custom\",\"email\":\"\",\"tel\":\"\",\"custom\":\"http:\\/\\/www.google.com\",\"entry\":\"\",\"asset\":\"\",\"category\":\"\",\"text\":\"Watch Video\"},\"introText\":\"Technology that helps them discover the software tools that develop- ers and individuals (like you) are building for exciting industries all over the globe. Come disrupt how software is discovered and consumed with talented, but humble people from every walk of life.\",\"label\":\"\",\"backgroundImage\":[\"5\"]}},\"41\":{\"type\":\"halfWidthPictureRight\",\"enabled\":\"1\",\"fields\":{\"label\":\"What We Do\",\"headline\":\"We\\u2019re a commerce platform for finding, buying and selling cloud software.\",\"description\":\"Fusce dapibus, tellus ac cursus commodo, tortor mauris condi- mentum nibh, ut fermentum massa justo sit amet risus. Integer posuere erat a ante venenatis dapibus posuere velit aliquet. Cum sociis natoque penatibus et magnis dis parturient montes, nascetur ridiculus mus. Nulla vitae elit libero.\",\"learnmore\":{\"type\":\"custom\",\"email\":\"\",\"tel\":\"\",\"custom\":\"http:\\/\\/www.appdirect.com\",\"entry\":\"\",\"asset\":\"\",\"category\":\"\",\"text\":\"Learn More\"},\"illustration\":\"\"}},\"49\":{\"type\":\"videoThreeUp\",\"enabled\":\"1\",\"fields\":{\"videos\":[\"48\",\"46\",\"47\"]}},\"44\":{\"type\":\"values\",\"enabled\":\"1\",\"fields\":{\"values\":\"\"}},\"45\":{\"type\":\"halfWidthPictureRight\",\"enabled\":\"1\",\"fields\":{\"label\":\"Teams\",\"headline\":\"Duis mollis, est commodo luctus, nisi erat porttitor ligula, eget lacinia odio sem nec elit. Cum sociis natoque magnis parturient montes.\",\"description\":\" Fusce dapibus, tellus ac cursus commodo, tortor mauris condi- mentum nibh, ut fermentum massa justo sit amet risus. Integer posuere erat a ante venenatis dapibus posuere velit aliquet. Cum sociis natoque penatibus et magnis dis parturient montes, nasce- tur ridiculus mus nulla vitae elit libero.\",\"learnmore\":{\"type\":\"\",\"email\":\"\",\"tel\":\"\",\"custom\":\"\",\"entry\":\"\",\"asset\":\"\",\"category\":\"\",\"text\":\"\"},\"illustration\":\"\"}},\"50\":{\"type\":\"hero\",\"enabled\":\"1\",\"fields\":{\"tagline\":\"Duis mollis, est non commodo luctus, nisi erat porttitor ligula, eget lacinia odio sem nec elit. Cum sociis natoque penatibus WATCH VIDEO\",\"primaryButton\":{\"type\":\"\",\"email\":\"\",\"tel\":\"\",\"custom\":\"\",\"entry\":\"\",\"asset\":\"\",\"category\":\"\",\"text\":\"\"},\"secondaryButton\":{\"type\":\"\",\"email\":\"\",\"tel\":\"\",\"custom\":\"\",\"entry\":\"\",\"asset\":\"\",\"category\":\"\",\"text\":\"\"},\"introText\":\"Fusce dapibus, tellus ac cursus commodo, tortor mauris condimentum nibh, ut fermentum massa justo sit amet risus. Integer posuere erat a ante venenatis dapibus posuere velit aliquet. Cum sociis natoque penatibus et magnis.\",\"label\":\"Locations\",\"backgroundImage\":[\"22\"]}},\"42\":{\"type\":\"jobsTable\",\"enabled\":\"1\",\"fields\":{\"jobsHeadline\":\"Duis mollis, est non commodo luctus, nisi erat porttitor ligula, eget lacinia odio elit. Cum sociis natoque penatibus magnis parturient.\"}}}}}', '2015-12-16 19:16:57', '2015-12-16 19:16:57', '220565be-d4f3-4712-b669-4494d8d914cb'),
 ('33', '2', '1', '1', 'en_us', '19', '', '{\"typeId\":\"1\",\"authorId\":null,\"title\":\"Home\",\"slug\":\"homepage\",\"postDate\":1439414791,\"expiryDate\":null,\"enabled\":1,\"fields\":{\"62\":{\"34\":{\"type\":\"hero\",\"enabled\":\"1\",\"fields\":{\"tagline\":\"At AppDirect, you\\u2019ll build technology that helps millions of businesses become more successful, every day.\",\"primaryButton\":{\"type\":\"custom\",\"email\":\"\",\"tel\":\"\",\"custom\":\"http:\\/\\/www.google.com\",\"entry\":\"\",\"asset\":\"\",\"category\":\"\",\"text\":\"See Job Openings\"},\"secondaryButton\":{\"type\":\"custom\",\"email\":\"\",\"tel\":\"\",\"custom\":\"http:\\/\\/www.google.com\",\"entry\":\"\",\"asset\":\"\",\"category\":\"\",\"text\":\"Watch Video\"},\"introText\":\"Technology that helps them discover the software tools that develop- ers and individuals (like you) are building for exciting industries all over the globe. Come disrupt how software is discovered and consumed with talented, but humble people from every walk of life.\",\"label\":\"\",\"backgroundImage\":[\"5\"]}},\"41\":{\"type\":\"halfWidthPictureRight\",\"enabled\":\"1\",\"fields\":{\"label\":\"What We Do\",\"headline\":\"We\\u2019re a commerce platform for finding, buying and selling cloud software.\",\"description\":\"Fusce dapibus, tellus ac cursus commodo, tortor mauris condi- mentum nibh, ut fermentum massa justo sit amet risus. Integer posuere erat a ante venenatis dapibus posuere velit aliquet. Cum sociis natoque penatibus et magnis dis parturient montes, nascetur ridiculus mus. Nulla vitae elit libero.\",\"learnmore\":{\"type\":\"custom\",\"email\":\"\",\"tel\":\"\",\"custom\":\"http:\\/\\/www.appdirect.com\",\"entry\":\"\",\"asset\":\"\",\"category\":\"\",\"text\":\"Learn More\"},\"illustration\":\"\"}},\"49\":{\"type\":\"videoThreeUp\",\"enabled\":\"1\",\"fields\":{\"videos\":[\"48\",\"46\",\"47\"]}},\"44\":{\"type\":\"values\",\"enabled\":\"1\",\"fields\":{\"values\":\"\"}},\"45\":{\"type\":\"halfWidthPictureRight\",\"enabled\":\"1\",\"fields\":{\"label\":\"Teams\",\"headline\":\"Duis mollis, est commodo luctus, nisi erat porttitor ligula, eget lacinia odio sem nec elit. Cum sociis natoque magnis parturient montes.\",\"description\":\" Fusce dapibus, tellus ac cursus commodo, tortor mauris condi- mentum nibh, ut fermentum massa justo sit amet risus. Integer posuere erat a ante venenatis dapibus posuere velit aliquet. Cum sociis natoque penatibus et magnis dis parturient montes, nasce- tur ridiculus mus nulla vitae elit libero.\",\"learnmore\":{\"type\":\"\",\"email\":\"\",\"tel\":\"\",\"custom\":\"\",\"entry\":\"\",\"asset\":\"\",\"category\":\"\",\"text\":\"\"},\"illustration\":\"\"}},\"50\":{\"type\":\"hero\",\"enabled\":\"1\",\"fields\":{\"tagline\":\"Duis mollis, est non commodo luctus, nisi erat porttitor ligula, eget lacinia odio sem nec elit. Cum sociis natoque penatibus\",\"primaryButton\":{\"type\":\"\",\"email\":\"\",\"tel\":\"\",\"custom\":\"\",\"entry\":\"\",\"asset\":\"\",\"category\":\"\",\"text\":\"\"},\"secondaryButton\":{\"type\":\"\",\"email\":\"\",\"tel\":\"\",\"custom\":\"\",\"entry\":\"\",\"asset\":\"\",\"category\":\"\",\"text\":\"\"},\"introText\":\"Fusce dapibus, tellus ac cursus commodo, tortor mauris condimentum nibh, ut fermentum massa justo sit amet risus. Integer posuere erat a ante venenatis dapibus posuere velit aliquet. Cum sociis natoque penatibus et magnis.\",\"label\":\"Locations\",\"backgroundImage\":[\"22\"]}},\"42\":{\"type\":\"jobsTable\",\"enabled\":\"1\",\"fields\":{\"jobsHeadline\":\"Duis mollis, est non commodo luctus, nisi erat porttitor ligula, eget lacinia odio elit. Cum sociis natoque penatibus magnis parturient.\"}}}}}', '2015-12-16 19:18:26', '2015-12-16 19:18:26', 'b16ecf3e-50bb-4b9c-8c73-fce027ae0a29'),
 ('34', '2', '1', '1', 'en_us', '20', '', '{\"typeId\":\"1\",\"authorId\":null,\"title\":\"Home\",\"slug\":\"homepage\",\"postDate\":1439414791,\"expiryDate\":null,\"enabled\":1,\"fields\":{\"62\":{\"34\":{\"type\":\"hero\",\"enabled\":\"1\",\"fields\":{\"tagline\":\"At AppDirect, you\\u2019ll build technology that helps millions of businesses become more successful, every day.\",\"primaryButton\":{\"type\":\"custom\",\"email\":\"\",\"tel\":\"\",\"custom\":\"http:\\/\\/www.google.com\",\"entry\":\"\",\"asset\":\"\",\"category\":\"\",\"text\":\"See Job Openings\"},\"secondaryButton\":{\"type\":\"custom\",\"email\":\"\",\"tel\":\"\",\"custom\":\"http:\\/\\/www.google.com\",\"entry\":\"\",\"asset\":\"\",\"category\":\"\",\"text\":\"Watch Video\"},\"introText\":\"Technology that helps them discover the software tools that develop- ers and individuals (like you) are building for exciting industries all over the globe. Come disrupt how software is discovered and consumed with talented, but humble people from every walk of life.\",\"label\":\"\",\"backgroundImage\":[\"5\"]}},\"41\":{\"type\":\"halfWidthPicture\",\"enabled\":\"1\",\"fields\":{\"label\":\"What We Do\",\"headline\":\"We\\u2019re a commerce platform for finding, buying and selling cloud software.\",\"description\":\"Fusce dapibus, tellus ac cursus commodo, tortor mauris condi- mentum nibh, ut fermentum massa justo sit amet risus. Integer posuere erat a ante venenatis dapibus posuere velit aliquet. Cum sociis natoque penatibus et magnis dis parturient montes, nascetur ridiculus mus. Nulla vitae elit libero.\",\"learnmore\":{\"type\":\"custom\",\"email\":\"\",\"tel\":\"\",\"custom\":\"http:\\/\\/www.appdirect.com\",\"entry\":\"\",\"asset\":\"\",\"category\":\"\",\"text\":\"Learn More\"},\"illustration\":\"\",\"pictureSide\":\"left\"}},\"49\":{\"type\":\"videoThreeUp\",\"enabled\":\"1\",\"fields\":{\"videos\":[\"48\",\"46\",\"47\"]}},\"44\":{\"type\":\"values\",\"enabled\":\"1\",\"fields\":{\"values\":\"\"}},\"45\":{\"type\":\"halfWidthPicture\",\"enabled\":\"1\",\"fields\":{\"label\":\"Teams\",\"headline\":\"Duis mollis, est commodo luctus, nisi erat porttitor ligula, eget lacinia odio sem nec elit. Cum sociis natoque magnis parturient montes.\",\"description\":\" Fusce dapibus, tellus ac cursus commodo, tortor mauris condi- mentum nibh, ut fermentum massa justo sit amet risus. Integer posuere erat a ante venenatis dapibus posuere velit aliquet. Cum sociis natoque penatibus et magnis dis parturient montes, nasce- tur ridiculus mus nulla vitae elit libero.\",\"learnmore\":{\"type\":\"\",\"email\":\"\",\"tel\":\"\",\"custom\":\"\",\"entry\":\"\",\"asset\":\"\",\"category\":\"\",\"text\":\"\"},\"illustration\":\"\",\"pictureSide\":\"left\"}},\"50\":{\"type\":\"hero\",\"enabled\":\"1\",\"fields\":{\"tagline\":\"Duis mollis, est non commodo luctus, nisi erat porttitor ligula, eget lacinia odio sem nec elit. Cum sociis natoque penatibus\",\"primaryButton\":{\"type\":\"\",\"email\":\"\",\"tel\":\"\",\"custom\":\"\",\"entry\":\"\",\"asset\":\"\",\"category\":\"\",\"text\":\"\"},\"secondaryButton\":{\"type\":\"\",\"email\":\"\",\"tel\":\"\",\"custom\":\"\",\"entry\":\"\",\"asset\":\"\",\"category\":\"\",\"text\":\"\"},\"introText\":\"Fusce dapibus, tellus ac cursus commodo, tortor mauris condimentum nibh, ut fermentum massa justo sit amet risus. Integer posuere erat a ante venenatis dapibus posuere velit aliquet. Cum sociis natoque penatibus et magnis.\",\"label\":\"Locations\",\"backgroundImage\":[\"22\"]}},\"42\":{\"type\":\"jobsTable\",\"enabled\":\"1\",\"fields\":{\"jobsHeadline\":\"Duis mollis, est non commodo luctus, nisi erat porttitor ligula, eget lacinia odio elit. Cum sociis natoque penatibus magnis parturient.\"}},\"new1\":{\"type\":\"col5colSplit\",\"enabled\":\"1\",\"fields\":{\"label\":\"Test Right, Picture Bigger\",\"headline\":\"This is a test\",\"description\":\"so much text\",\"learnmore\":\"\",\"picture\":[\"22\"],\"pictureSide\":\"right\",\"textBackground\":\"Light\",\"whichSideIs7Columns\":\"Picture\"}}}}}', '2015-12-17 15:00:10', '2015-12-17 15:00:10', '56b5d585-7840-4fe1-88a3-e80456eacf72'),
 ('35', '2', '1', '1', 'en_us', '21', '', '{\"typeId\":\"1\",\"authorId\":null,\"title\":\"Home\",\"slug\":\"homepage\",\"postDate\":1439414791,\"expiryDate\":null,\"enabled\":1,\"fields\":{\"62\":{\"34\":{\"type\":\"hero\",\"enabled\":\"1\",\"fields\":{\"tagline\":\"At AppDirect, you\\u2019ll build technology that helps millions of businesses become more successful, every day.\",\"primaryButton\":{\"type\":\"custom\",\"email\":\"\",\"tel\":\"\",\"custom\":\"http:\\/\\/www.google.com\",\"entry\":\"\",\"asset\":\"\",\"category\":\"\",\"text\":\"See Job Openings\"},\"secondaryButton\":{\"type\":\"custom\",\"email\":\"\",\"tel\":\"\",\"custom\":\"http:\\/\\/www.google.com\",\"entry\":\"\",\"asset\":\"\",\"category\":\"\",\"text\":\"Watch Video\"},\"introText\":\"Technology that helps them discover the software tools that develop- ers and individuals (like you) are building for exciting industries all over the globe. Come disrupt how software is discovered and consumed with talented, but humble people from every walk of life.\",\"label\":\"\",\"backgroundImage\":[\"5\"]}},\"41\":{\"type\":\"halfWidthPicture\",\"enabled\":\"1\",\"fields\":{\"label\":\"What We Do\",\"headline\":\"We\\u2019re a commerce platform for finding, buying and selling cloud software.\",\"description\":\"Fusce dapibus, tellus ac cursus commodo, tortor mauris condi- mentum nibh, ut fermentum massa justo sit amet risus. Integer posuere erat a ante venenatis dapibus posuere velit aliquet. Cum sociis natoque penatibus et magnis dis parturient montes, nascetur ridiculus mus. Nulla vitae elit libero.\",\"learnmore\":{\"type\":\"custom\",\"email\":\"\",\"tel\":\"\",\"custom\":\"http:\\/\\/www.appdirect.com\",\"entry\":\"\",\"asset\":\"\",\"category\":\"\",\"text\":\"Learn More\"},\"illustration\":\"\",\"pictureSide\":\"left\"}},\"49\":{\"type\":\"videoThreeUp\",\"enabled\":\"1\",\"fields\":{\"videos\":[\"48\",\"46\",\"47\"]}},\"44\":{\"type\":\"values\",\"enabled\":\"1\",\"fields\":{\"values\":\"\"}},\"45\":{\"type\":\"halfWidthPicture\",\"enabled\":\"1\",\"fields\":{\"label\":\"Teams\",\"headline\":\"Duis mollis, est commodo luctus, nisi erat porttitor ligula, eget lacinia odio sem nec elit. Cum sociis natoque magnis parturient montes.\",\"description\":\" Fusce dapibus, tellus ac cursus commodo, tortor mauris condi- mentum nibh, ut fermentum massa justo sit amet risus. Integer posuere erat a ante venenatis dapibus posuere velit aliquet. Cum sociis natoque penatibus et magnis dis parturient montes, nasce- tur ridiculus mus nulla vitae elit libero.\",\"learnmore\":{\"type\":\"\",\"email\":\"\",\"tel\":\"\",\"custom\":\"\",\"entry\":\"\",\"asset\":\"\",\"category\":\"\",\"text\":\"\"},\"illustration\":\"\",\"pictureSide\":\"left\"}},\"50\":{\"type\":\"hero\",\"enabled\":\"1\",\"fields\":{\"tagline\":\"Duis mollis, est non commodo luctus, nisi erat porttitor ligula, eget lacinia odio sem nec elit. Cum sociis natoque penatibus\",\"primaryButton\":{\"type\":\"\",\"email\":\"\",\"tel\":\"\",\"custom\":\"\",\"entry\":\"\",\"asset\":\"\",\"category\":\"\",\"text\":\"\"},\"secondaryButton\":{\"type\":\"\",\"email\":\"\",\"tel\":\"\",\"custom\":\"\",\"entry\":\"\",\"asset\":\"\",\"category\":\"\",\"text\":\"\"},\"introText\":\"Fusce dapibus, tellus ac cursus commodo, tortor mauris condimentum nibh, ut fermentum massa justo sit amet risus. Integer posuere erat a ante venenatis dapibus posuere velit aliquet. Cum sociis natoque penatibus et magnis.\",\"label\":\"Locations\",\"backgroundImage\":[\"22\"]}},\"42\":{\"type\":\"jobsTable\",\"enabled\":\"1\",\"fields\":{\"jobsHeadline\":\"Duis mollis, est non commodo luctus, nisi erat porttitor ligula, eget lacinia odio elit. Cum sociis natoque penatibus magnis parturient.\"}},\"51\":{\"type\":\"col5colSplit\",\"enabled\":\"1\",\"fields\":{\"label\":\"Test Right, Picture Bigger\",\"headline\":\"This is a test\",\"description\":\"so much text\",\"learnmore\":\"\",\"picture\":[\"22\"],\"pictureSide\":\"right\",\"textBackground\":\"Light\",\"whichSideIs7Columns\":\"picture\"}}}}}', '2015-12-17 15:01:53', '2015-12-17 15:01:53', '6ce0a964-95db-49b9-a6ec-fcc9d81c4b72'),
 ('36', '2', '1', '1', 'en_us', '22', '', '{\"typeId\":\"1\",\"authorId\":null,\"title\":\"Home\",\"slug\":\"homepage\",\"postDate\":1439414791,\"expiryDate\":null,\"enabled\":1,\"fields\":{\"62\":{\"34\":{\"type\":\"hero\",\"enabled\":\"1\",\"fields\":{\"tagline\":\"At AppDirect, you\\u2019ll build technology that helps millions of businesses become more successful, every day.\",\"primaryButton\":{\"type\":\"custom\",\"email\":\"\",\"tel\":\"\",\"custom\":\"http:\\/\\/www.google.com\",\"entry\":\"\",\"asset\":\"\",\"category\":\"\",\"text\":\"See Job Openings\"},\"secondaryButton\":{\"type\":\"custom\",\"email\":\"\",\"tel\":\"\",\"custom\":\"http:\\/\\/www.google.com\",\"entry\":\"\",\"asset\":\"\",\"category\":\"\",\"text\":\"Watch Video\"},\"introText\":\"Technology that helps them discover the software tools that develop- ers and individuals (like you) are building for exciting industries all over the globe. Come disrupt how software is discovered and consumed with talented, but humble people from every walk of life.\",\"label\":\"\",\"backgroundImage\":[\"5\"]}},\"41\":{\"type\":\"halfWidthPicture\",\"enabled\":\"1\",\"fields\":{\"label\":\"What We Do\",\"headline\":\"We\\u2019re a commerce platform for finding, buying and selling cloud software.\",\"description\":\"Fusce dapibus, tellus ac cursus commodo, tortor mauris condi- mentum nibh, ut fermentum massa justo sit amet risus. Integer posuere erat a ante venenatis dapibus posuere velit aliquet. Cum sociis natoque penatibus et magnis dis parturient montes, nascetur ridiculus mus. Nulla vitae elit libero.\",\"learnmore\":{\"type\":\"custom\",\"email\":\"\",\"tel\":\"\",\"custom\":\"http:\\/\\/www.appdirect.com\",\"entry\":\"\",\"asset\":\"\",\"category\":\"\",\"text\":\"Learn More\"},\"illustration\":\"\",\"pictureSide\":\"left\"}},\"49\":{\"type\":\"videoThreeUp\",\"enabled\":\"1\",\"fields\":{\"videos\":[\"48\",\"46\",\"47\"]}},\"44\":{\"type\":\"values\",\"enabled\":\"1\",\"fields\":{\"values\":\"\"}},\"45\":{\"type\":\"halfWidthPicture\",\"enabled\":\"1\",\"fields\":{\"label\":\"Teams\",\"headline\":\"Duis mollis, est commodo luctus, nisi erat porttitor ligula, eget lacinia odio sem nec elit. Cum sociis natoque magnis parturient montes.\",\"description\":\" Fusce dapibus, tellus ac cursus commodo, tortor mauris condi- mentum nibh, ut fermentum massa justo sit amet risus. Integer posuere erat a ante venenatis dapibus posuere velit aliquet. Cum sociis natoque penatibus et magnis dis parturient montes, nasce- tur ridiculus mus nulla vitae elit libero.\",\"learnmore\":{\"type\":\"\",\"email\":\"\",\"tel\":\"\",\"custom\":\"\",\"entry\":\"\",\"asset\":\"\",\"category\":\"\",\"text\":\"\"},\"illustration\":\"\",\"pictureSide\":\"left\"}},\"50\":{\"type\":\"hero\",\"enabled\":\"1\",\"fields\":{\"tagline\":\"Duis mollis, est non commodo luctus, nisi erat porttitor ligula, eget lacinia odio sem nec elit. Cum sociis natoque penatibus\",\"primaryButton\":{\"type\":\"\",\"email\":\"\",\"tel\":\"\",\"custom\":\"\",\"entry\":\"\",\"asset\":\"\",\"category\":\"\",\"text\":\"\"},\"secondaryButton\":{\"type\":\"\",\"email\":\"\",\"tel\":\"\",\"custom\":\"\",\"entry\":\"\",\"asset\":\"\",\"category\":\"\",\"text\":\"\"},\"introText\":\"Fusce dapibus, tellus ac cursus commodo, tortor mauris condimentum nibh, ut fermentum massa justo sit amet risus. Integer posuere erat a ante venenatis dapibus posuere velit aliquet. Cum sociis natoque penatibus et magnis.\",\"label\":\"Locations\",\"backgroundImage\":[\"22\"]}},\"42\":{\"type\":\"jobsTable\",\"enabled\":\"1\",\"fields\":{\"jobsHeadline\":\"Duis mollis, est non commodo luctus, nisi erat porttitor ligula, eget lacinia odio elit. Cum sociis natoque penatibus magnis parturient.\"}},\"51\":{\"type\":\"col5colSplit\",\"enabled\":\"1\",\"fields\":{\"label\":\"Test Right, Picture Bigger\",\"headline\":\"This is a test\",\"description\":\"so much text\",\"learnmore\":\"\",\"picture\":[\"22\"],\"pictureSide\":\"right\",\"textBackground\":\"Light\",\"whichSideIs7Columns\":\"picture\"}},\"new1\":{\"type\":\"col5colSplit\",\"enabled\":\"1\",\"fields\":{\"label\":\"Test Left, Text Bigger\",\"headline\":\"This is another test\",\"description\":\"Duis mollis, est non commodo luctus, nisi erat porttitor ligula, eget lacinia odio elit. Cum sociis natoque penatibus magnis parturient.\",\"learnmore\":\"http:\\/\\/google.com\",\"picture\":[\"5\"],\"pictureSide\":\"left\",\"textBackground\":\"Light\",\"whichSideIs7Columns\":\"text\"}}}}}', '2015-12-17 15:03:27', '2015-12-17 15:03:27', '6d90feea-4e35-4b5d-a383-2d1de1afeb05'),
 ('37', '2', '1', '1', 'en_us', '23', '', '{\"typeId\":\"1\",\"authorId\":null,\"title\":\"Home\",\"slug\":\"homepage\",\"postDate\":1439414791,\"expiryDate\":null,\"enabled\":1,\"fields\":{\"62\":{\"34\":{\"type\":\"hero\",\"enabled\":\"1\",\"fields\":{\"tagline\":\"At AppDirect, you\\u2019ll build technology that helps millions of businesses become more successful, every day.\",\"primaryButton\":{\"type\":\"custom\",\"email\":\"\",\"tel\":\"\",\"custom\":\"http:\\/\\/www.google.com\",\"entry\":\"\",\"asset\":\"\",\"category\":\"\",\"text\":\"See Job Openings\"},\"secondaryButton\":{\"type\":\"custom\",\"email\":\"\",\"tel\":\"\",\"custom\":\"http:\\/\\/www.google.com\",\"entry\":\"\",\"asset\":\"\",\"category\":\"\",\"text\":\"Watch Video\"},\"introText\":\"Technology that helps them discover the software tools that develop- ers and individuals (like you) are building for exciting industries all over the globe. Come disrupt how software is discovered and consumed with talented, but humble people from every walk of life.\",\"label\":\"\",\"backgroundImage\":[\"5\"]}},\"41\":{\"type\":\"halfWidthPicture\",\"enabled\":\"1\",\"fields\":{\"label\":\"What We Do\",\"headline\":\"We\\u2019re a commerce platform for finding, buying and selling cloud software.\",\"description\":\"Fusce dapibus, tellus ac cursus commodo, tortor mauris condi- mentum nibh, ut fermentum massa justo sit amet risus. Integer posuere erat a ante venenatis dapibus posuere velit aliquet. Cum sociis natoque penatibus et magnis dis parturient montes, nascetur ridiculus mus. Nulla vitae elit libero.\",\"learnmore\":{\"type\":\"custom\",\"email\":\"\",\"tel\":\"\",\"custom\":\"http:\\/\\/www.appdirect.com\",\"entry\":\"\",\"asset\":\"\",\"category\":\"\",\"text\":\"Learn More\"},\"illustration\":\"\",\"pictureSide\":\"left\"}},\"49\":{\"type\":\"videoThreeUp\",\"enabled\":\"1\",\"fields\":{\"videos\":[\"48\",\"46\",\"47\"]}},\"44\":{\"type\":\"values\",\"enabled\":\"1\",\"fields\":{\"values\":\"\"}},\"45\":{\"type\":\"halfWidthPicture\",\"enabled\":\"1\",\"fields\":{\"label\":\"Teams\",\"headline\":\"Duis mollis, est commodo luctus, nisi erat porttitor ligula, eget lacinia odio sem nec elit. Cum sociis natoque magnis parturient montes.\",\"description\":\" Fusce dapibus, tellus ac cursus commodo, tortor mauris condi- mentum nibh, ut fermentum massa justo sit amet risus. Integer posuere erat a ante venenatis dapibus posuere velit aliquet. Cum sociis natoque penatibus et magnis dis parturient montes, nasce- tur ridiculus mus nulla vitae elit libero.\",\"learnmore\":{\"type\":\"\",\"email\":\"\",\"tel\":\"\",\"custom\":\"\",\"entry\":\"\",\"asset\":\"\",\"category\":\"\",\"text\":\"\"},\"illustration\":\"\",\"pictureSide\":\"left\"}},\"50\":{\"type\":\"hero\",\"enabled\":\"1\",\"fields\":{\"tagline\":\"Duis mollis, est non commodo luctus, nisi erat porttitor ligula, eget lacinia odio sem nec elit. Cum sociis natoque penatibus\",\"primaryButton\":{\"type\":\"\",\"email\":\"\",\"tel\":\"\",\"custom\":\"\",\"entry\":\"\",\"asset\":\"\",\"category\":\"\",\"text\":\"\"},\"secondaryButton\":{\"type\":\"\",\"email\":\"\",\"tel\":\"\",\"custom\":\"\",\"entry\":\"\",\"asset\":\"\",\"category\":\"\",\"text\":\"\"},\"introText\":\"Fusce dapibus, tellus ac cursus commodo, tortor mauris condimentum nibh, ut fermentum massa justo sit amet risus. Integer posuere erat a ante venenatis dapibus posuere velit aliquet. Cum sociis natoque penatibus et magnis.\",\"label\":\"Locations\",\"backgroundImage\":[\"22\"]}},\"42\":{\"type\":\"jobsTable\",\"enabled\":\"1\",\"fields\":{\"jobsHeadline\":\"Duis mollis, est non commodo luctus, nisi erat porttitor ligula, eget lacinia odio elit. Cum sociis natoque penatibus magnis parturient.\"}},\"51\":{\"type\":\"col5colSplit\",\"enabled\":\"1\",\"fields\":{\"label\":\"Test Right, Picture Bigger\",\"headline\":\"This is a test\",\"description\":\"so much text\",\"learnmore\":{\"type\":\"\",\"email\":\"\",\"tel\":\"\",\"custom\":\"\",\"entry\":\"\",\"asset\":\"\",\"category\":\"\"},\"picture\":[\"22\"],\"pictureSide\":\"right\",\"textBackground\":\"Light\",\"whichSideIs7Columns\":\"picture\"}},\"52\":{\"type\":\"col5colSplit\",\"enabled\":\"1\",\"fields\":{\"label\":\"Test Left, Text Bigger\",\"headline\":\"This is another test\",\"description\":\"Duis mollis, est non commodo luctus, nisi erat porttitor ligula, eget lacinia odio elit. Cum sociis natoque penatibus magnis parturient.\",\"learnmore\":{\"type\":\"custom\",\"email\":\"\",\"tel\":\"\",\"custom\":\"http:\\/\\/google.com\",\"entry\":\"\",\"asset\":\"\",\"category\":\"\"},\"picture\":[\"5\"],\"pictureSide\":\"left\",\"textBackground\":\"Light\",\"whichSideIs7Columns\":\"text\"}}}}}', '2015-12-17 15:04:08', '2015-12-17 15:04:08', '2c20489a-1efd-4a7d-9dea-61fbbc1edf86'),
 ('38', '2', '1', '1', 'en_us', '24', '', '{\"typeId\":\"1\",\"authorId\":null,\"title\":\"Home\",\"slug\":\"homepage\",\"postDate\":1439414791,\"expiryDate\":null,\"enabled\":1,\"fields\":{\"62\":{\"34\":{\"type\":\"hero\",\"enabled\":\"1\",\"fields\":{\"tagline\":\"At AppDirect, you\\u2019ll build technology that helps millions of businesses become more successful, every day.\",\"primaryButton\":{\"type\":\"custom\",\"email\":\"\",\"tel\":\"\",\"custom\":\"http:\\/\\/www.google.com\",\"entry\":\"\",\"asset\":\"\",\"category\":\"\",\"text\":\"See Job Openings\"},\"secondaryButton\":{\"type\":\"custom\",\"email\":\"\",\"tel\":\"\",\"custom\":\"http:\\/\\/www.google.com\",\"entry\":\"\",\"asset\":\"\",\"category\":\"\",\"text\":\"Watch Video\"},\"introText\":\"Technology that helps them discover the software tools that develop- ers and individuals (like you) are building for exciting industries all over the globe. Come disrupt how software is discovered and consumed with talented, but humble people from every walk of life.\",\"label\":\"\",\"backgroundImage\":[\"5\"]}},\"41\":{\"type\":\"halfWidthPicture\",\"enabled\":\"1\",\"fields\":{\"label\":\"What We Do\",\"headline\":\"We\\u2019re a commerce platform for finding, buying and selling cloud software.\",\"description\":\"Fusce dapibus, tellus ac cursus commodo, tortor mauris condi- mentum nibh, ut fermentum massa justo sit amet risus. Integer posuere erat a ante venenatis dapibus posuere velit aliquet. Cum sociis natoque penatibus et magnis dis parturient montes, nascetur ridiculus mus. Nulla vitae elit libero.\",\"learnmore\":{\"type\":\"custom\",\"email\":\"\",\"tel\":\"\",\"custom\":\"http:\\/\\/www.appdirect.com\",\"entry\":\"\",\"asset\":\"\",\"category\":\"\",\"text\":\"Learn More\"},\"illustration\":\"\",\"pictureSide\":\"left\"}},\"49\":{\"type\":\"videoThreeUp\",\"enabled\":\"1\",\"fields\":{\"videos\":[\"48\",\"46\",\"47\"]}},\"44\":{\"type\":\"values\",\"enabled\":\"1\",\"fields\":{\"values\":\"\"}},\"45\":{\"type\":\"halfWidthPicture\",\"enabled\":\"1\",\"fields\":{\"label\":\"Teams\",\"headline\":\"Duis mollis, est commodo luctus, nisi erat porttitor ligula, eget lacinia odio sem nec elit. Cum sociis natoque magnis parturient montes.\",\"description\":\" Fusce dapibus, tellus ac cursus commodo, tortor mauris condi- mentum nibh, ut fermentum massa justo sit amet risus. Integer posuere erat a ante venenatis dapibus posuere velit aliquet. Cum sociis natoque penatibus et magnis dis parturient montes, nasce- tur ridiculus mus nulla vitae elit libero.\",\"learnmore\":{\"type\":\"\",\"email\":\"\",\"tel\":\"\",\"custom\":\"\",\"entry\":\"\",\"asset\":\"\",\"category\":\"\",\"text\":\"\"},\"illustration\":\"\",\"pictureSide\":\"left\"}},\"50\":{\"type\":\"hero\",\"enabled\":\"1\",\"fields\":{\"tagline\":\"Duis mollis, est non commodo luctus, nisi erat porttitor ligula, eget lacinia odio sem nec elit. Cum sociis natoque penatibus\",\"primaryButton\":{\"type\":\"\",\"email\":\"\",\"tel\":\"\",\"custom\":\"\",\"entry\":\"\",\"asset\":\"\",\"category\":\"\",\"text\":\"\"},\"secondaryButton\":{\"type\":\"\",\"email\":\"\",\"tel\":\"\",\"custom\":\"\",\"entry\":\"\",\"asset\":\"\",\"category\":\"\",\"text\":\"\"},\"introText\":\"Fusce dapibus, tellus ac cursus commodo, tortor mauris condimentum nibh, ut fermentum massa justo sit amet risus. Integer posuere erat a ante venenatis dapibus posuere velit aliquet. Cum sociis natoque penatibus et magnis.\",\"label\":\"Locations\",\"backgroundImage\":[\"22\"]}},\"42\":{\"type\":\"jobsTable\",\"enabled\":\"1\",\"fields\":{\"jobsHeadline\":\"Duis mollis, est non commodo luctus, nisi erat porttitor ligula, eget lacinia odio elit. Cum sociis natoque penatibus magnis parturient.\"}},\"51\":{\"type\":\"col5colSplit\",\"enabled\":\"1\",\"fields\":{\"label\":\"Test Right, Picture Bigger\",\"headline\":\"This is a test\",\"description\":\"so much text\",\"learnmore\":{\"type\":\"\",\"email\":\"\",\"tel\":\"\",\"custom\":\"\",\"entry\":\"\",\"asset\":\"\",\"category\":\"\"},\"picture\":[\"22\"],\"pictureSide\":\"right\",\"textBackground\":\"light\",\"whichSideIs7Columns\":\"picture\"}},\"52\":{\"type\":\"col5colSplit\",\"enabled\":\"1\",\"fields\":{\"label\":\"Test Left, Text Bigger\",\"headline\":\"This is another test\",\"description\":\"Duis mollis, est non commodo luctus, nisi erat porttitor ligula, eget lacinia odio elit. Cum sociis natoque penatibus magnis parturient.\",\"learnmore\":{\"type\":\"custom\",\"email\":\"\",\"tel\":\"\",\"custom\":\"http:\\/\\/google.com\",\"entry\":\"\",\"asset\":\"\",\"category\":\"\"},\"picture\":[\"5\"],\"pictureSide\":\"left\",\"textBackground\":\"light\",\"whichSideIs7Columns\":\"text\"}}}}}', '2015-12-17 15:10:14', '2015-12-17 15:10:14', '18e7c17b-4758-4fd6-a22e-f89fa19ee414'),
 ('39', '2', '1', '1', 'en_us', '25', '', '{\"typeId\":\"1\",\"authorId\":null,\"title\":\"Home\",\"slug\":\"homepage\",\"postDate\":1439414791,\"expiryDate\":null,\"enabled\":1,\"fields\":{\"62\":{\"34\":{\"type\":\"hero\",\"enabled\":\"1\",\"fields\":{\"tagline\":\"At AppDirect, you\\u2019ll build technology that helps millions of businesses become more successful, every day.\",\"primaryButton\":{\"type\":\"custom\",\"email\":\"\",\"tel\":\"\",\"custom\":\"http:\\/\\/www.google.com\",\"entry\":\"\",\"asset\":\"\",\"category\":\"\",\"text\":\"See Job Openings\"},\"secondaryButton\":{\"type\":\"custom\",\"email\":\"\",\"tel\":\"\",\"custom\":\"http:\\/\\/www.google.com\",\"entry\":\"\",\"asset\":\"\",\"category\":\"\",\"text\":\"Watch Video\"},\"introText\":\"Technology that helps them discover the software tools that develop- ers and individuals (like you) are building for exciting industries all over the globe. Come disrupt how software is discovered and consumed with talented, but humble people from every walk of life.\",\"label\":\"\",\"backgroundImage\":[\"5\"]}},\"41\":{\"type\":\"halfWidthPicture\",\"enabled\":\"1\",\"fields\":{\"label\":\"What We Do\",\"headline\":\"We\\u2019re a commerce platform for finding, buying and selling cloud software.\",\"description\":\"Fusce dapibus, tellus ac cursus commodo, tortor mauris condi- mentum nibh, ut fermentum massa justo sit amet risus. Integer posuere erat a ante venenatis dapibus posuere velit aliquet. Cum sociis natoque penatibus et magnis dis parturient montes, nascetur ridiculus mus. Nulla vitae elit libero.\",\"learnmore\":{\"type\":\"custom\",\"email\":\"\",\"tel\":\"\",\"custom\":\"http:\\/\\/www.appdirect.com\",\"entry\":\"\",\"asset\":\"\",\"category\":\"\",\"text\":\"Learn More\"},\"illustration\":\"\",\"pictureSide\":\"left\"}},\"49\":{\"type\":\"videoThreeUp\",\"enabled\":\"1\",\"fields\":{\"videos\":[\"48\",\"46\",\"47\"]}},\"44\":{\"type\":\"values\",\"enabled\":\"1\",\"fields\":{\"values\":\"\"}},\"45\":{\"type\":\"halfWidthPicture\",\"enabled\":\"1\",\"fields\":{\"label\":\"Teams\",\"headline\":\"Duis mollis, est commodo luctus, nisi erat porttitor ligula, eget lacinia odio sem nec elit. Cum sociis natoque magnis parturient montes.\",\"description\":\" Fusce dapibus, tellus ac cursus commodo, tortor mauris condi- mentum nibh, ut fermentum massa justo sit amet risus. Integer posuere erat a ante venenatis dapibus posuere velit aliquet. Cum sociis natoque penatibus et magnis dis parturient montes, nasce- tur ridiculus mus nulla vitae elit libero.\",\"learnmore\":{\"type\":\"\",\"email\":\"\",\"tel\":\"\",\"custom\":\"\",\"entry\":\"\",\"asset\":\"\",\"category\":\"\",\"text\":\"\"},\"illustration\":\"\",\"pictureSide\":\"left\"}},\"50\":{\"type\":\"hero\",\"enabled\":\"1\",\"fields\":{\"tagline\":\"Duis mollis, est non commodo luctus, nisi erat porttitor ligula, eget lacinia odio sem nec elit. Cum sociis natoque penatibus\",\"primaryButton\":{\"type\":\"\",\"email\":\"\",\"tel\":\"\",\"custom\":\"\",\"entry\":\"\",\"asset\":\"\",\"category\":\"\",\"text\":\"\"},\"secondaryButton\":{\"type\":\"\",\"email\":\"\",\"tel\":\"\",\"custom\":\"\",\"entry\":\"\",\"asset\":\"\",\"category\":\"\",\"text\":\"\"},\"introText\":\"Fusce dapibus, tellus ac cursus commodo, tortor mauris condimentum nibh, ut fermentum massa justo sit amet risus. Integer posuere erat a ante venenatis dapibus posuere velit aliquet. Cum sociis natoque penatibus et magnis.\",\"label\":\"Locations\",\"backgroundImage\":[\"22\"]}},\"42\":{\"type\":\"jobsTable\",\"enabled\":\"1\",\"fields\":{\"jobsHeadline\":\"Duis mollis, est non commodo luctus, nisi erat porttitor ligula, eget lacinia odio elit. Cum sociis natoque penatibus magnis parturient.\"}},\"51\":{\"type\":\"col5colSplit\",\"enabled\":\"1\",\"fields\":{\"label\":\"Test Right, Picture Bigger\",\"headline\":\"This is a test\",\"description\":\"so much text\",\"learnmore\":{\"type\":\"\",\"email\":\"\",\"tel\":\"\",\"custom\":\"\",\"entry\":\"\",\"asset\":\"\",\"category\":\"\"},\"picture\":[\"22\"],\"pictureSide\":\"right\",\"textBackground\":\"light\",\"whichSideIs7Columns\":\"picture\"}},\"52\":{\"type\":\"col5colSplit\",\"enabled\":\"1\",\"fields\":{\"label\":\"Test Left, Text Bigger\",\"headline\":\"This is another test\",\"description\":\"Duis mollis, est non commodo luctus, nisi erat porttitor ligula, eget lacinia odio elit. Cum sociis natoque penatibus magnis parturient.\",\"learnmore\":{\"type\":\"custom\",\"email\":\"\",\"tel\":\"\",\"custom\":\"http:\\/\\/google.com\",\"entry\":\"\",\"asset\":\"\",\"category\":\"\"},\"picture\":[\"5\"],\"pictureSide\":\"left\",\"textBackground\":\"dark\",\"whichSideIs7Columns\":\"text\"}}}}}', '2015-12-17 15:10:27', '2015-12-17 15:10:27', '362a1ccf-0646-483a-880c-e015bf614243'),
 ('40', '2', '1', '1', 'en_us', '26', '', '{\"typeId\":\"1\",\"authorId\":null,\"title\":\"Home\",\"slug\":\"homepage\",\"postDate\":1439414791,\"expiryDate\":null,\"enabled\":1,\"fields\":{\"62\":{\"34\":{\"type\":\"hero\",\"enabled\":\"1\",\"fields\":{\"tagline\":\"At AppDirect, you\\u2019ll build technology that helps millions of businesses become more successful, every day.\",\"primaryButton\":{\"type\":\"custom\",\"email\":\"\",\"tel\":\"\",\"custom\":\"http:\\/\\/www.google.com\",\"entry\":\"\",\"asset\":\"\",\"category\":\"\",\"text\":\"See Job Openings\"},\"secondaryButton\":{\"type\":\"custom\",\"email\":\"\",\"tel\":\"\",\"custom\":\"http:\\/\\/www.google.com\",\"entry\":\"\",\"asset\":\"\",\"category\":\"\",\"text\":\"Watch Video\"},\"introText\":\"Technology that helps them discover the software tools that develop- ers and individuals (like you) are building for exciting industries all over the globe. Come disrupt how software is discovered and consumed with talented, but humble people from every walk of life.\",\"label\":\"\",\"backgroundImage\":[\"5\"]}},\"41\":{\"type\":\"halfWidthPicture\",\"enabled\":\"1\",\"fields\":{\"label\":\"What We Do\",\"headline\":\"We\\u2019re a commerce platform for finding, buying and selling cloud software.\",\"description\":\"Fusce dapibus, tellus ac cursus commodo, tortor mauris condi- mentum nibh, ut fermentum massa justo sit amet risus. Integer posuere erat a ante venenatis dapibus posuere velit aliquet. Cum sociis natoque penatibus et magnis dis parturient montes, nascetur ridiculus mus. Nulla vitae elit libero.\",\"learnmore\":{\"type\":\"custom\",\"email\":\"\",\"tel\":\"\",\"custom\":\"http:\\/\\/www.appdirect.com\",\"entry\":\"\",\"asset\":\"\",\"category\":\"\",\"text\":\"Learn More\"},\"illustration\":\"\",\"pictureSide\":\"left\"}},\"49\":{\"type\":\"videoThreeUp\",\"enabled\":\"1\",\"fields\":{\"videos\":[\"48\",\"46\",\"47\"]}},\"44\":{\"type\":\"values\",\"enabled\":\"1\",\"fields\":{\"values\":\"\"}},\"45\":{\"type\":\"halfWidthPicture\",\"enabled\":\"1\",\"fields\":{\"label\":\"Teams\",\"headline\":\"Duis mollis, est commodo luctus, nisi erat porttitor ligula, eget lacinia odio sem nec elit. Cum sociis natoque magnis parturient montes.\",\"description\":\" Fusce dapibus, tellus ac cursus commodo, tortor mauris condi- mentum nibh, ut fermentum massa justo sit amet risus. Integer posuere erat a ante venenatis dapibus posuere velit aliquet. Cum sociis natoque penatibus et magnis dis parturient montes, nasce- tur ridiculus mus nulla vitae elit libero.\",\"learnmore\":{\"type\":\"\",\"email\":\"\",\"tel\":\"\",\"custom\":\"\",\"entry\":\"\",\"asset\":\"\",\"category\":\"\",\"text\":\"\"},\"illustration\":\"\",\"pictureSide\":\"left\"}},\"50\":{\"type\":\"hero\",\"enabled\":\"1\",\"fields\":{\"tagline\":\"Duis mollis, est non commodo luctus, nisi erat porttitor ligula, eget lacinia odio sem nec elit. Cum sociis natoque penatibus\",\"primaryButton\":{\"type\":\"\",\"email\":\"\",\"tel\":\"\",\"custom\":\"\",\"entry\":\"\",\"asset\":\"\",\"category\":\"\",\"text\":\"\"},\"secondaryButton\":{\"type\":\"\",\"email\":\"\",\"tel\":\"\",\"custom\":\"\",\"entry\":\"\",\"asset\":\"\",\"category\":\"\",\"text\":\"\"},\"introText\":\"Fusce dapibus, tellus ac cursus commodo, tortor mauris condimentum nibh, ut fermentum massa justo sit amet risus. Integer posuere erat a ante venenatis dapibus posuere velit aliquet. Cum sociis natoque penatibus et magnis.\",\"label\":\"Locations\",\"backgroundImage\":[\"22\"]}},\"42\":{\"type\":\"jobsTable\",\"enabled\":\"1\",\"fields\":{\"jobsHeadline\":\"Duis mollis, est non commodo luctus, nisi erat porttitor ligula, eget lacinia odio elit. Cum sociis natoque penatibus magnis parturient.\"}},\"51\":{\"type\":\"col5colSplit\",\"enabled\":\"1\",\"fields\":{\"label\":\"Test Right, Picture Bigger\",\"headline\":\"This is a test\",\"description\":\"so much text\",\"learnmore\":{\"type\":\"\",\"email\":\"\",\"tel\":\"\",\"custom\":\"\",\"entry\":\"\",\"asset\":\"\",\"category\":\"\"},\"picture\":[\"22\"],\"pictureSide\":\"right\",\"textBackground\":\"light\",\"whichSideIs7Columns\":\"picture\"}},\"52\":{\"type\":\"col5colSplit\",\"enabled\":\"1\",\"fields\":{\"label\":\"Test Left, Text Bigger\",\"headline\":\"This is another test\",\"description\":\"Duis mollis, est non commodo luctus, nisi erat porttitor ligula, eget lacinia odio elit. Cum sociis natoque penatibus magnis parturient.\",\"learnmore\":{\"type\":\"custom\",\"email\":\"\",\"tel\":\"\",\"custom\":\"http:\\/\\/google.com\",\"entry\":\"\",\"asset\":\"\",\"category\":\"\"},\"picture\":[\"5\"],\"pictureSide\":\"left\",\"textBackground\":\"dark\",\"whichSideIs7Columns\":\"picture\"}}}}}', '2015-12-17 15:16:48', '2015-12-17 15:16:48', '7a0af76d-878c-4a0f-8b6f-c01cd799a14e'),
 ('41', '2', '1', '1', 'en_us', '27', '', '{\"typeId\":\"1\",\"authorId\":null,\"title\":\"Home\",\"slug\":\"homepage\",\"postDate\":1439414791,\"expiryDate\":null,\"enabled\":1,\"fields\":{\"62\":{\"34\":{\"type\":\"hero\",\"enabled\":\"1\",\"fields\":{\"tagline\":\"At AppDirect, you\\u2019ll build technology that helps millions of businesses become more successful, every day.\",\"primaryButton\":{\"type\":\"custom\",\"email\":\"\",\"tel\":\"\",\"custom\":\"http:\\/\\/www.google.com\",\"entry\":\"\",\"asset\":\"\",\"category\":\"\",\"text\":\"See Job Openings\"},\"secondaryButton\":{\"type\":\"custom\",\"email\":\"\",\"tel\":\"\",\"custom\":\"http:\\/\\/www.google.com\",\"entry\":\"\",\"asset\":\"\",\"category\":\"\",\"text\":\"Watch Video\"},\"introText\":\"Technology that helps them discover the software tools that develop- ers and individuals (like you) are building for exciting industries all over the globe. Come disrupt how software is discovered and consumed with talented, but humble people from every walk of life.\",\"label\":\"\",\"backgroundImage\":[\"5\"]}},\"41\":{\"type\":\"halfWidthPicture\",\"enabled\":\"1\",\"fields\":{\"label\":\"What We Do\",\"headline\":\"We\\u2019re a commerce platform for finding, buying and selling cloud software.\",\"description\":\"Fusce dapibus, tellus ac cursus commodo, tortor mauris condi- mentum nibh, ut fermentum massa justo sit amet risus. Integer posuere erat a ante venenatis dapibus posuere velit aliquet. Cum sociis natoque penatibus et magnis dis parturient montes, nascetur ridiculus mus. Nulla vitae elit libero.\",\"learnmore\":{\"type\":\"custom\",\"email\":\"\",\"tel\":\"\",\"custom\":\"http:\\/\\/www.appdirect.com\",\"entry\":\"\",\"asset\":\"\",\"category\":\"\",\"text\":\"Learn More\"},\"illustration\":\"\",\"pictureSide\":\"left\"}},\"49\":{\"type\":\"videoThreeUp\",\"enabled\":\"1\",\"fields\":{\"videos\":[\"48\",\"46\",\"47\"]}},\"44\":{\"type\":\"values\",\"enabled\":\"1\",\"fields\":{\"values\":\"\"}},\"45\":{\"type\":\"halfWidthPicture\",\"enabled\":\"1\",\"fields\":{\"label\":\"Teams\",\"headline\":\"Duis mollis, est commodo luctus, nisi erat porttitor ligula, eget lacinia odio sem nec elit. Cum sociis natoque magnis parturient montes.\",\"description\":\" Fusce dapibus, tellus ac cursus commodo, tortor mauris condi- mentum nibh, ut fermentum massa justo sit amet risus. Integer posuere erat a ante venenatis dapibus posuere velit aliquet. Cum sociis natoque penatibus et magnis dis parturient montes, nasce- tur ridiculus mus nulla vitae elit libero.\",\"learnmore\":{\"type\":\"\",\"email\":\"\",\"tel\":\"\",\"custom\":\"\",\"entry\":\"\",\"asset\":\"\",\"category\":\"\",\"text\":\"\"},\"illustration\":\"\",\"pictureSide\":\"left\"}},\"50\":{\"type\":\"hero\",\"enabled\":\"1\",\"fields\":{\"tagline\":\"Duis mollis, est non commodo luctus, nisi erat porttitor ligula, eget lacinia odio sem nec elit. Cum sociis natoque penatibus\",\"primaryButton\":{\"type\":\"\",\"email\":\"\",\"tel\":\"\",\"custom\":\"\",\"entry\":\"\",\"asset\":\"\",\"category\":\"\",\"text\":\"\"},\"secondaryButton\":{\"type\":\"\",\"email\":\"\",\"tel\":\"\",\"custom\":\"\",\"entry\":\"\",\"asset\":\"\",\"category\":\"\",\"text\":\"\"},\"introText\":\"Fusce dapibus, tellus ac cursus commodo, tortor mauris condimentum nibh, ut fermentum massa justo sit amet risus. Integer posuere erat a ante venenatis dapibus posuere velit aliquet. Cum sociis natoque penatibus et magnis.\",\"label\":\"Locations\",\"backgroundImage\":[\"22\"]}},\"42\":{\"type\":\"jobsTable\",\"enabled\":\"1\",\"fields\":{\"jobsHeadline\":\"Duis mollis, est non commodo luctus, nisi erat porttitor ligula, eget lacinia odio elit. Cum sociis natoque penatibus magnis parturient.\"}},\"51\":{\"type\":\"col5colSplit\",\"enabled\":\"1\",\"fields\":{\"label\":\"Test Right, Picture Bigger\",\"headline\":\"This is a test\",\"description\":\"so much text\",\"learnmore\":{\"type\":\"\",\"email\":\"\",\"tel\":\"\",\"custom\":\"\",\"entry\":\"\",\"asset\":\"\",\"category\":\"\"},\"picture\":[\"22\"],\"pictureSide\":\"right\",\"textBackground\":\"light\",\"whichSideIs7Columns\":\"picture\"}},\"52\":{\"type\":\"col5colSplit\",\"enabled\":\"1\",\"fields\":{\"label\":\"Test Left, Text Bigger\",\"headline\":\"This is another test\",\"description\":\"Duis mollis, est non commodo luctus, nisi erat porttitor ligula, eget lacinia odio elit. Cum sociis natoque penatibus magnis parturient.\",\"learnmore\":{\"type\":\"custom\",\"email\":\"\",\"tel\":\"\",\"custom\":\"http:\\/\\/google.com\",\"entry\":\"\",\"asset\":\"\",\"category\":\"\"},\"picture\":[\"5\"],\"pictureSide\":\"left\",\"textBackground\":\"dark\",\"whichSideIs7Columns\":\"text\"}}}}}', '2015-12-17 15:20:21', '2015-12-17 15:20:21', 'b04bf35d-87bb-4931-aade-a53fb9244f8c'),
 ('42', '2', '1', '1', 'en_us', '28', '', '{\"typeId\":\"1\",\"authorId\":null,\"title\":\"Home\",\"slug\":\"homepage\",\"postDate\":1439414791,\"expiryDate\":null,\"enabled\":1,\"fields\":{\"62\":{\"34\":{\"type\":\"hero\",\"enabled\":\"1\",\"fields\":{\"tagline\":\"At AppDirect, you\\u2019ll build technology that helps millions of businesses become more successful, every day.\",\"primaryButton\":{\"type\":\"custom\",\"email\":\"\",\"tel\":\"\",\"custom\":\"http:\\/\\/www.google.com\",\"entry\":\"\",\"asset\":\"\",\"category\":\"\",\"text\":\"See Job Openings\"},\"secondaryButton\":{\"type\":\"custom\",\"email\":\"\",\"tel\":\"\",\"custom\":\"http:\\/\\/www.google.com\",\"entry\":\"\",\"asset\":\"\",\"category\":\"\",\"text\":\"Watch Video\"},\"introText\":\"Technology that helps them discover the software tools that develop- ers and individuals (like you) are building for exciting industries all over the globe. Come disrupt how software is discovered and consumed with talented, but humble people from every walk of life.\",\"label\":\"\",\"backgroundImage\":[\"5\"],\"textColumns\":\"seven\"}},\"41\":{\"type\":\"halfWidthPicture\",\"enabled\":\"1\",\"fields\":{\"label\":\"What We Do\",\"headline\":\"We\\u2019re a commerce platform for finding, buying and selling cloud software.\",\"description\":\"Fusce dapibus, tellus ac cursus commodo, tortor mauris condi- mentum nibh, ut fermentum massa justo sit amet risus. Integer posuere erat a ante venenatis dapibus posuere velit aliquet. Cum sociis natoque penatibus et magnis dis parturient montes, nascetur ridiculus mus. Nulla vitae elit libero.\",\"learnmore\":{\"type\":\"custom\",\"email\":\"\",\"tel\":\"\",\"custom\":\"http:\\/\\/www.appdirect.com\",\"entry\":\"\",\"asset\":\"\",\"category\":\"\",\"text\":\"Learn More\"},\"illustration\":\"\",\"pictureSide\":\"left\"}},\"49\":{\"type\":\"videoThreeUp\",\"enabled\":\"1\",\"fields\":{\"videos\":[\"48\",\"46\",\"47\"]}},\"44\":{\"type\":\"values\",\"enabled\":\"1\",\"fields\":{\"values\":\"\"}},\"45\":{\"type\":\"halfWidthPicture\",\"enabled\":\"1\",\"fields\":{\"label\":\"Teams\",\"headline\":\"Duis mollis, est commodo luctus, nisi erat porttitor ligula, eget lacinia odio sem nec elit. Cum sociis natoque magnis parturient montes.\",\"description\":\" Fusce dapibus, tellus ac cursus commodo, tortor mauris condi- mentum nibh, ut fermentum massa justo sit amet risus. Integer posuere erat a ante venenatis dapibus posuere velit aliquet. Cum sociis natoque penatibus et magnis dis parturient montes, nasce- tur ridiculus mus nulla vitae elit libero.\",\"learnmore\":{\"type\":\"\",\"email\":\"\",\"tel\":\"\",\"custom\":\"\",\"entry\":\"\",\"asset\":\"\",\"category\":\"\",\"text\":\"\"},\"illustration\":\"\",\"pictureSide\":\"left\"}},\"50\":{\"type\":\"hero\",\"enabled\":\"1\",\"fields\":{\"tagline\":\"Duis mollis, est non commodo luctus, nisi erat porttitor ligula, eget lacinia odio sem nec elit. Cum sociis natoque penatibus\",\"primaryButton\":{\"type\":\"\",\"email\":\"\",\"tel\":\"\",\"custom\":\"\",\"entry\":\"\",\"asset\":\"\",\"category\":\"\",\"text\":\"\"},\"secondaryButton\":{\"type\":\"\",\"email\":\"\",\"tel\":\"\",\"custom\":\"\",\"entry\":\"\",\"asset\":\"\",\"category\":\"\",\"text\":\"\"},\"introText\":\"Fusce dapibus, tellus ac cursus commodo, tortor mauris condimentum nibh, ut fermentum massa justo sit amet risus. Integer posuere erat a ante venenatis dapibus posuere velit aliquet. Cum sociis natoque penatibus et magnis.\",\"label\":\"Locations\",\"backgroundImage\":[\"22\"],\"textColumns\":\"six\"}},\"42\":{\"type\":\"jobsTable\",\"enabled\":\"1\",\"fields\":{\"jobsHeadline\":\"Duis mollis, est non commodo luctus, nisi erat porttitor ligula, eget lacinia odio elit. Cum sociis natoque penatibus magnis parturient.\"}},\"51\":{\"type\":\"col5colSplit\",\"enabled\":\"1\",\"fields\":{\"label\":\"Test Right, Picture Bigger\",\"headline\":\"This is a test\",\"description\":\"so much text\",\"learnmore\":{\"type\":\"\",\"email\":\"\",\"tel\":\"\",\"custom\":\"\",\"entry\":\"\",\"asset\":\"\",\"category\":\"\"},\"picture\":[\"22\"],\"pictureSide\":\"right\",\"textBackground\":\"light\",\"whichSideIs7Columns\":\"picture\"}},\"52\":{\"type\":\"col5colSplit\",\"enabled\":\"1\",\"fields\":{\"label\":\"Test Left, Text Bigger\",\"headline\":\"This is another test\",\"description\":\"Duis mollis, est non commodo luctus, nisi erat porttitor ligula, eget lacinia odio elit. Cum sociis natoque penatibus magnis parturient.\",\"learnmore\":{\"type\":\"custom\",\"email\":\"\",\"tel\":\"\",\"custom\":\"http:\\/\\/google.com\",\"entry\":\"\",\"asset\":\"\",\"category\":\"\"},\"picture\":[\"5\"],\"pictureSide\":\"left\",\"textBackground\":\"dark\",\"whichSideIs7Columns\":\"text\"}}}}}', '2015-12-17 15:24:10', '2015-12-17 15:24:10', '21b40af8-3b73-4d0e-adeb-96349e434c5d'),
 ('43', '2', '1', '1', 'en_us', '29', '', '{\"typeId\":\"1\",\"authorId\":null,\"title\":\"Home\",\"slug\":\"homepage\",\"postDate\":1439414791,\"expiryDate\":null,\"enabled\":1,\"fields\":{\"62\":{\"34\":{\"type\":\"hero\",\"enabled\":\"1\",\"fields\":{\"tagline\":\"At AppDirect, you\\u2019ll build technology that helps millions of businesses become more successful, every day.\",\"primaryButton\":{\"type\":\"custom\",\"email\":\"\",\"tel\":\"\",\"custom\":\"http:\\/\\/www.google.com\",\"entry\":\"\",\"asset\":\"\",\"category\":\"\",\"text\":\"See Job Openings\"},\"secondaryButton\":{\"type\":\"custom\",\"email\":\"\",\"tel\":\"\",\"custom\":\"http:\\/\\/www.google.com\",\"entry\":\"\",\"asset\":\"\",\"category\":\"\",\"text\":\"Watch Video\"},\"introText\":\"Technology that helps them discover the software tools that develop- ers and individuals (like you) are building for exciting industries all over the globe. Come disrupt how software is discovered and consumed with talented, but humble people from every walk of life.\",\"label\":\"\",\"backgroundImage\":[\"5\"],\"textColumns\":\"seven\"}},\"41\":{\"type\":\"halfWidthPicture\",\"enabled\":\"1\",\"fields\":{\"label\":\"What We Do\",\"headline\":\"We\\u2019re a commerce platform for finding, buying and selling cloud software.\",\"description\":\"Fusce dapibus, tellus ac cursus commodo, tortor mauris condi- mentum nibh, ut fermentum massa justo sit amet risus. Integer posuere erat a ante venenatis dapibus posuere velit aliquet. Cum sociis natoque penatibus et magnis dis parturient montes, nascetur ridiculus mus. Nulla vitae elit libero.\",\"learnmore\":{\"type\":\"custom\",\"email\":\"\",\"tel\":\"\",\"custom\":\"http:\\/\\/www.appdirect.com\",\"entry\":\"\",\"asset\":\"\",\"category\":\"\",\"text\":\"Learn More\"},\"illustration\":[\"53\"],\"pictureSide\":\"left\"}},\"49\":{\"type\":\"videoThreeUp\",\"enabled\":\"1\",\"fields\":{\"videos\":[\"48\",\"46\",\"47\"]}},\"44\":{\"type\":\"values\",\"enabled\":\"1\",\"fields\":{\"values\":\"\"}},\"45\":{\"type\":\"halfWidthPicture\",\"enabled\":\"1\",\"fields\":{\"label\":\"Teams\",\"headline\":\"Duis mollis, est commodo luctus, nisi erat porttitor ligula, eget lacinia odio sem nec elit. Cum sociis natoque magnis parturient montes.\",\"description\":\" Fusce dapibus, tellus ac cursus commodo, tortor mauris condi- mentum nibh, ut fermentum massa justo sit amet risus. Integer posuere erat a ante venenatis dapibus posuere velit aliquet. Cum sociis natoque penatibus et magnis dis parturient montes, nasce- tur ridiculus mus nulla vitae elit libero.\",\"learnmore\":{\"type\":\"\",\"email\":\"\",\"tel\":\"\",\"custom\":\"\",\"entry\":\"\",\"asset\":\"\",\"category\":\"\",\"text\":\"\"},\"illustration\":\"\",\"pictureSide\":\"left\"}},\"50\":{\"type\":\"hero\",\"enabled\":\"1\",\"fields\":{\"tagline\":\"Duis mollis, est non commodo luctus, nisi erat porttitor ligula, eget lacinia odio sem nec elit. Cum sociis natoque penatibus\",\"primaryButton\":{\"type\":\"\",\"email\":\"\",\"tel\":\"\",\"custom\":\"\",\"entry\":\"\",\"asset\":\"\",\"category\":\"\",\"text\":\"\"},\"secondaryButton\":{\"type\":\"\",\"email\":\"\",\"tel\":\"\",\"custom\":\"\",\"entry\":\"\",\"asset\":\"\",\"category\":\"\",\"text\":\"\"},\"introText\":\"Fusce dapibus, tellus ac cursus commodo, tortor mauris condimentum nibh, ut fermentum massa justo sit amet risus. Integer posuere erat a ante venenatis dapibus posuere velit aliquet. Cum sociis natoque penatibus et magnis.\",\"label\":\"Locations\",\"backgroundImage\":[\"22\"],\"textColumns\":\"six\"}},\"42\":{\"type\":\"jobsTable\",\"enabled\":\"1\",\"fields\":{\"jobsHeadline\":\"Duis mollis, est non commodo luctus, nisi erat porttitor ligula, eget lacinia odio elit. Cum sociis natoque penatibus magnis parturient.\"}},\"51\":{\"type\":\"col5colSplit\",\"enabled\":\"1\",\"fields\":{\"label\":\"Test Right, Picture Bigger\",\"headline\":\"This is a test\",\"description\":\"so much text\",\"learnmore\":{\"type\":\"\",\"email\":\"\",\"tel\":\"\",\"custom\":\"\",\"entry\":\"\",\"asset\":\"\",\"category\":\"\"},\"picture\":[\"22\"],\"pictureSide\":\"right\",\"textBackground\":\"light\",\"whichSideIs7Columns\":\"picture\"}},\"52\":{\"type\":\"col5colSplit\",\"enabled\":\"1\",\"fields\":{\"label\":\"Test Left, Text Bigger\",\"headline\":\"This is another test\",\"description\":\"Duis mollis, est non commodo luctus, nisi erat porttitor ligula, eget lacinia odio elit. Cum sociis natoque penatibus magnis parturient.\",\"learnmore\":{\"type\":\"custom\",\"email\":\"\",\"tel\":\"\",\"custom\":\"http:\\/\\/google.com\",\"entry\":\"\",\"asset\":\"\",\"category\":\"\"},\"picture\":[\"5\"],\"pictureSide\":\"left\",\"textBackground\":\"dark\",\"whichSideIs7Columns\":\"text\"}}}}}', '2015-12-17 15:31:30', '2015-12-17 15:31:30', '888a3993-0372-441d-a3b0-c9eaa285c970'),
 ('44', '2', '1', '1', 'en_us', '30', '', '{\"typeId\":\"1\",\"authorId\":null,\"title\":\"Home\",\"slug\":\"homepage\",\"postDate\":1439414791,\"expiryDate\":null,\"enabled\":1,\"fields\":{\"62\":{\"34\":{\"type\":\"hero\",\"enabled\":\"1\",\"fields\":{\"tagline\":\"At AppDirect, you\\u2019ll build technology that helps millions of businesses become more successful, every day.\",\"primaryButton\":{\"type\":\"custom\",\"email\":\"\",\"tel\":\"\",\"custom\":\"http:\\/\\/www.google.com\",\"entry\":\"\",\"asset\":\"\",\"category\":\"\",\"text\":\"See Job Openings\"},\"secondaryButton\":{\"type\":\"custom\",\"email\":\"\",\"tel\":\"\",\"custom\":\"http:\\/\\/www.google.com\",\"entry\":\"\",\"asset\":\"\",\"category\":\"\",\"text\":\"Watch Video\"},\"introText\":\"Technology that helps them discover the software tools that develop- ers and individuals (like you) are building for exciting industries all over the globe. Come disrupt how software is discovered and consumed with talented, but humble people from every walk of life.\",\"label\":\"\",\"backgroundImage\":[\"5\"],\"textColumns\":\"seven\"}},\"41\":{\"type\":\"halfWidthPicture\",\"enabled\":\"1\",\"fields\":{\"label\":\"What We Do\",\"headline\":\"We\\u2019re a commerce platform for finding, buying and selling cloud software.\",\"description\":\"Fusce dapibus, tellus ac cursus commodo, tortor mauris condi- mentum nibh, ut fermentum massa justo sit amet risus. Integer posuere erat a ante venenatis dapibus posuere velit aliquet. Cum sociis natoque penatibus et magnis dis parturient montes, nascetur ridiculus mus. Nulla vitae elit libero.\",\"learnmore\":{\"type\":\"custom\",\"email\":\"\",\"tel\":\"\",\"custom\":\"http:\\/\\/www.appdirect.com\",\"entry\":\"\",\"asset\":\"\",\"category\":\"\",\"text\":\"Learn More\"},\"illustration\":[\"53\"],\"pictureSide\":\"left\"}},\"49\":{\"type\":\"videoThreeUp\",\"enabled\":\"1\",\"fields\":{\"videos\":[\"48\",\"46\",\"47\"]}},\"44\":{\"type\":\"values\",\"enabled\":\"1\",\"fields\":{\"values\":\"\"}},\"45\":{\"type\":\"halfWidthPicture\",\"enabled\":\"1\",\"fields\":{\"label\":\"Teams\",\"headline\":\"Duis mollis, est commodo luctus, nisi erat porttitor ligula, eget lacinia odio sem nec elit. Cum sociis natoque magnis parturient montes.\",\"description\":\" Fusce dapibus, tellus ac cursus commodo, tortor mauris condi- mentum nibh, ut fermentum massa justo sit amet risus. Integer posuere erat a ante venenatis dapibus posuere velit aliquet. Cum sociis natoque penatibus et magnis dis parturient montes, nasce- tur ridiculus mus nulla vitae elit libero.\",\"learnmore\":{\"type\":\"\",\"email\":\"\",\"tel\":\"\",\"custom\":\"\",\"entry\":\"\",\"asset\":\"\",\"category\":\"\",\"text\":\"\"},\"illustration\":\"\",\"pictureSide\":\"left\"}},\"50\":{\"type\":\"hero\",\"enabled\":\"1\",\"fields\":{\"tagline\":\"Duis mollis, est non commodo luctus, nisi erat porttitor ligula, eget lacinia odio sem nec elit. Cum sociis natoque penatibus\",\"primaryButton\":{\"type\":\"\",\"email\":\"\",\"tel\":\"\",\"custom\":\"\",\"entry\":\"\",\"asset\":\"\",\"category\":\"\",\"text\":\"\"},\"secondaryButton\":{\"type\":\"\",\"email\":\"\",\"tel\":\"\",\"custom\":\"\",\"entry\":\"\",\"asset\":\"\",\"category\":\"\",\"text\":\"\"},\"introText\":\"Fusce dapibus, tellus ac cursus commodo, tortor mauris condimentum nibh, ut fermentum massa justo sit amet risus. Integer posuere erat a ante venenatis dapibus posuere velit aliquet. Cum sociis natoque penatibus et magnis.\",\"label\":\"Locations\",\"backgroundImage\":[\"22\"],\"textColumns\":\"six\"}},\"51\":{\"type\":\"col5colSplit\",\"enabled\":\"1\",\"fields\":{\"label\":\"Test Right, Picture Bigger\",\"headline\":\"This is a test\",\"description\":\"so much text\",\"learnmore\":{\"type\":\"\",\"email\":\"\",\"tel\":\"\",\"custom\":\"\",\"entry\":\"\",\"asset\":\"\",\"category\":\"\"},\"picture\":[\"22\"],\"pictureSide\":\"right\",\"textBackground\":\"light\",\"whichSideIs7Columns\":\"picture\"}},\"52\":{\"type\":\"col5colSplit\",\"enabled\":\"1\",\"fields\":{\"label\":\"Test Left, Text Bigger\",\"headline\":\"This is another test\",\"description\":\"Duis mollis, est non commodo luctus, nisi erat porttitor ligula, eget lacinia odio elit. Cum sociis natoque penatibus magnis parturient.\",\"learnmore\":{\"type\":\"custom\",\"email\":\"\",\"tel\":\"\",\"custom\":\"http:\\/\\/google.com\",\"entry\":\"\",\"asset\":\"\",\"category\":\"\"},\"picture\":[\"5\"],\"pictureSide\":\"left\",\"textBackground\":\"dark\",\"whichSideIs7Columns\":\"text\"}},\"42\":{\"type\":\"jobsTable\",\"enabled\":\"1\",\"fields\":{\"jobsHeadline\":\"Duis mollis, est non commodo luctus, nisi erat porttitor ligula, eget lacinia odio elit. Cum sociis natoque penatibus magnis parturient.\"}}}}}', '2015-12-17 15:41:49', '2015-12-17 15:41:49', '44b2444b-4f4f-4401-8967-1f6b8ac7d7eb'),
 ('45', '48', '8', '1', 'en_us', '3', '', '{\"typeId\":\"9\",\"authorId\":\"1\",\"title\":\"Jihan\",\"slug\":\"jihan\",\"postDate\":1450285200,\"expiryDate\":null,\"enabled\":1,\"fields\":{\"82\":\"Watch Video\",\"79\":\"Jihan\",\"77\":[\"54\"],\"78\":\"<p>\\u201cDuis mollis, est non commo-\\r\\ndo luctus, nisi erat porttitor\\r\\nligula, eget lacinia odio sem\\r\\nnec elit. Cum sociis natoque\\r\\npenatibus magnis parturi-\\r\\nent montes nascetur.\\u201d <\\/p>\",\"80\":\"Title\",\"81\":\"zjw45tcpij\"}}', '2015-12-22 18:35:50', '2015-12-22 18:35:50', '6d663a5e-2959-4237-9aaa-140eafa4bf7e'),
 ('46', '48', '8', '1', 'en_us', '4', '', '{\"typeId\":\"9\",\"authorId\":\"1\",\"title\":\"Jihan\",\"slug\":\"jihan\",\"postDate\":1450285200,\"expiryDate\":null,\"enabled\":1,\"fields\":{\"82\":\"Watch Video\",\"79\":\"Jihan\",\"77\":[\"54\"],\"78\":\"<p>\\u201cDuis mollis, est non commo-\\r\\ndo luctus, nisi erat porttitor\\r\\nligula, eget lacinia odio sem\\r\\nnec elit. Cum sociis natoque\\r\\npenatibus magnis parturi-\\r\\nent montes nascetur.\\u201d <\\/p>\",\"80\":\"Title\",\"81\":\"zjw45tcpij\"}}', '2015-12-22 18:43:06', '2015-12-22 18:43:06', '90a8d1a3-abda-441c-9aab-0dbcd99039b2'),
 ('47', '47', '8', '1', 'en_us', '3', '', '{\"typeId\":\"9\",\"authorId\":\"1\",\"title\":\"Adi\",\"slug\":\"adi\",\"postDate\":1450285140,\"expiryDate\":null,\"enabled\":1,\"fields\":{\"82\":\"Watch Video\",\"79\":\"Adi\",\"77\":[\"55\"],\"78\":\"<p>\\u201cDuis mollis, est non commo-\\r\\ndo luctus, nisi erat porttitor\\r\\nligula, eget lacinia odio sem\\r\\nnec elit. Cum sociis natoque\\r\\npenatibus magnis parturi-\\r\\nent montes nascetur.\\u201d <\\/p>\",\"80\":\"Title\",\"81\":\"1zw915bp5e\"}}', '2015-12-22 18:43:18', '2015-12-22 18:43:18', 'f9869420-c381-4ead-850e-b59007e65a04'),
 ('48', '46', '8', '1', 'en_us', '2', '', '{\"typeId\":\"9\",\"authorId\":\"1\",\"title\":\"Vince Bonanno\",\"slug\":\"vince-bonanno\",\"postDate\":1450285080,\"expiryDate\":null,\"enabled\":1,\"fields\":{\"82\":\"Watch Video\",\"79\":\"Vince Bonanno\",\"77\":[\"56\"],\"78\":\"<p>\\u201cDuis mollis, est non commo-\\r\\ndo luctus, nisi erat porttitor\\r\\nligula, eget lacinia odio sem\\r\\nnec elit. Cum sociis natoque\\r\\npenatibus magnis parturi-\\r\\nent montes nascetur.\\u201d <\\/p>\",\"80\":\"Title\",\"81\":\"09m6mteg0f\"}}', '2015-12-22 18:43:35', '2015-12-22 18:43:35', 'aef693a3-d140-48be-a343-1f4071407567'),
 ('49', '2', '1', '1', 'en_us', '31', 'webadmin@appdirect.com', '{\"typeId\":\"1\",\"authorId\":null,\"title\":\"Home\",\"slug\":\"homepage\",\"postDate\":1439414791,\"expiryDate\":null,\"enabled\":1,\"fields\":{\"62\":{\"34\":{\"type\":\"hero\",\"enabled\":\"1\",\"fields\":{\"tagline\":\"At AppDirect, you\\u2019ll build technology that helps millions of businesses become more successful, every day.\",\"primaryButton\":{\"type\":\"custom\",\"email\":\"\",\"tel\":\"\",\"custom\":\"http:\\/\\/www.google.com\",\"entry\":\"\",\"asset\":\"\",\"category\":\"\",\"text\":\"See Job Openings\"},\"secondaryButton\":{\"type\":\"custom\",\"email\":\"\",\"tel\":\"\",\"custom\":\"http:\\/\\/www.google.com\",\"entry\":\"\",\"asset\":\"\",\"category\":\"\",\"text\":\"Watch Video\"},\"introText\":\"Technology that helps them discover the software tools that develop- ers and individuals (like you) are building for exciting industries all over the globe. Come disrupt how software is discovered and consumed with talented, but humble people from every walk of life.\",\"label\":\"\",\"backgroundImage\":[\"5\"],\"textColumns\":\"seven\"}},\"41\":{\"type\":\"halfWidthPicture\",\"enabled\":\"1\",\"fields\":{\"label\":\"What We Do\",\"headline\":\"We\\u2019re a commerce platform for finding, buying and selling cloud software.\",\"description\":\"Fusce dapibus, tellus ac cursus commodo, tortor mauris condi- mentum nibh, ut fermentum massa justo sit amet risus. Integer posuere erat a ante venenatis dapibus posuere velit aliquet. Cum sociis natoque penatibus et magnis dis parturient montes, nascetur ridiculus mus. Nulla vitae elit libero.\",\"learnmore\":{\"type\":\"custom\",\"email\":\"\",\"tel\":\"\",\"custom\":\"http:\\/\\/www.appdirect.com\",\"entry\":\"\",\"asset\":\"\",\"category\":\"\",\"text\":\"Learn More\"},\"illustration\":[\"53\"],\"pictureSide\":\"left\"}},\"49\":{\"type\":\"videoThreeUp\",\"enabled\":\"1\",\"fields\":{\"videos\":[\"48\",\"46\",\"47\"]}},\"44\":{\"type\":\"values\",\"enabled\":\"1\",\"fields\":{\"values\":\"\"}},\"45\":{\"type\":\"halfWidthPicture\",\"enabled\":\"1\",\"fields\":{\"label\":\"Teams\",\"headline\":\"Duis mollis, est commodo luctus, nisi erat porttitor ligula, eget lacinia odio sem nec elit. Cum sociis natoque magnis parturient montes.\",\"description\":\" Fusce dapibus, tellus ac cursus commodo, tortor mauris condi- mentum nibh, ut fermentum massa justo sit amet risus. Integer posuere erat a ante venenatis dapibus posuere velit aliquet. Cum sociis natoque penatibus et magnis dis parturient montes, nasce- tur ridiculus mus nulla vitae elit libero.\",\"learnmore\":{\"type\":\"\",\"email\":\"\",\"tel\":\"\",\"custom\":\"\",\"entry\":\"\",\"asset\":\"\",\"category\":\"\",\"text\":\"\"},\"illustration\":[\"57\"],\"pictureSide\":\"right\"}},\"51\":{\"type\":\"col5colSplit\",\"enabled\":\"1\",\"fields\":{\"label\":\"Test Right, Picture Bigger\",\"headline\":\"This is a test\",\"description\":\"so much text\",\"learnmore\":{\"type\":\"\",\"email\":\"\",\"tel\":\"\",\"custom\":\"\",\"entry\":\"\",\"asset\":\"\",\"category\":\"\"},\"picture\":[\"22\"],\"pictureSide\":\"right\",\"textBackground\":\"light\",\"whichSideIs7Columns\":\"picture\"}},\"50\":{\"type\":\"hero\",\"enabled\":\"1\",\"fields\":{\"tagline\":\"Duis mollis, est non commodo luctus, nisi erat porttitor ligula, eget lacinia odio sem nec elit. Cum sociis natoque penatibus\",\"primaryButton\":{\"type\":\"\",\"email\":\"\",\"tel\":\"\",\"custom\":\"\",\"entry\":\"\",\"asset\":\"\",\"category\":\"\",\"text\":\"\"},\"secondaryButton\":{\"type\":\"\",\"email\":\"\",\"tel\":\"\",\"custom\":\"\",\"entry\":\"\",\"asset\":\"\",\"category\":\"\",\"text\":\"\"},\"introText\":\"Fusce dapibus, tellus ac cursus commodo, tortor mauris condimentum nibh, ut fermentum massa justo sit amet risus. Integer posuere erat a ante venenatis dapibus posuere velit aliquet. Cum sociis natoque penatibus et magnis.\",\"label\":\"Locations\",\"backgroundImage\":[\"22\"],\"textColumns\":\"six\"}},\"52\":{\"type\":\"col5colSplit\",\"enabled\":\"1\",\"fields\":{\"label\":\"Test Left, Text Bigger\",\"headline\":\"This is another test\",\"description\":\"Duis mollis, est non commodo luctus, nisi erat porttitor ligula, eget lacinia odio elit. Cum sociis natoque penatibus magnis parturient.\",\"learnmore\":{\"type\":\"custom\",\"email\":\"\",\"tel\":\"\",\"custom\":\"http:\\/\\/google.com\",\"entry\":\"\",\"asset\":\"\",\"category\":\"\"},\"picture\":[\"5\"],\"pictureSide\":\"left\",\"textBackground\":\"dark\",\"whichSideIs7Columns\":\"text\"}},\"42\":{\"type\":\"jobsTable\",\"enabled\":\"1\",\"fields\":{\"jobsHeadline\":\"Duis mollis, est non commodo luctus, nisi erat porttitor ligula, eget lacinia odio elit. Cum sociis natoque penatibus magnis parturient.\"}}}}}', '2015-12-22 21:27:22', '2015-12-22 21:27:22', 'f453e3ab-73a5-488b-8fb1-b99c58a68c5f'),
 ('50', '2', '1', '1', 'en_us', '32', '', '{\"typeId\":\"1\",\"authorId\":null,\"title\":\"Home\",\"slug\":\"homepage\",\"postDate\":1439414791,\"expiryDate\":null,\"enabled\":1,\"fields\":{\"62\":{\"34\":{\"type\":\"hero\",\"enabled\":\"1\",\"fields\":{\"tagline\":\"At AppDirect, you\\u2019ll build technology that helps millions of businesses become more successful, every day.\",\"primaryButton\":{\"type\":\"custom\",\"email\":\"\",\"tel\":\"\",\"custom\":\"http:\\/\\/www.google.com\",\"entry\":\"\",\"asset\":\"\",\"category\":\"\",\"text\":\"See Job Openings\"},\"secondaryButton\":{\"type\":\"custom\",\"email\":\"\",\"tel\":\"\",\"custom\":\"http:\\/\\/www.google.com\",\"entry\":\"\",\"asset\":\"\",\"category\":\"\",\"text\":\"Watch Video\"},\"introText\":\"Technology that helps them discover the software tools that develop- ers and individuals (like you) are building for exciting industries all over the globe. Come disrupt how software is discovered and consumed with talented, but humble people from every walk of life.\",\"label\":\"\",\"backgroundImage\":[\"5\"],\"textColumns\":\"seven\"}},\"41\":{\"type\":\"halfWidthPicture\",\"enabled\":\"1\",\"fields\":{\"label\":\"What We Do\",\"headline\":\"We\\u2019re a commerce platform for finding, buying and selling cloud software.\",\"description\":\"Fusce dapibus, tellus ac cursus commodo, tortor mauris condi- mentum nibh, ut fermentum massa justo sit amet risus. Integer posuere erat a ante venenatis dapibus posuere velit aliquet. Cum sociis natoque penatibus et magnis dis parturient montes, nascetur ridiculus mus. Nulla vitae elit libero.\",\"learnmore\":{\"type\":\"custom\",\"email\":\"\",\"tel\":\"\",\"custom\":\"http:\\/\\/www.appdirect.com\",\"entry\":\"\",\"asset\":\"\",\"category\":\"\",\"text\":\"Learn More\"},\"illustration\":[\"53\"],\"pictureSide\":\"left\"}},\"49\":{\"type\":\"videoThreeUp\",\"enabled\":\"1\",\"fields\":{\"videos\":[\"48\",\"46\",\"47\"]}},\"44\":{\"type\":\"values\",\"enabled\":\"1\",\"fields\":{\"values\":\"\"}},\"45\":{\"type\":\"halfWidthPicture\",\"enabled\":\"1\",\"fields\":{\"label\":\"Teams\",\"headline\":\"Duis mollis, est commodo luctus, nisi erat porttitor ligula, eget lacinia odio sem nec elit. Cum sociis natoque magnis parturient montes.\",\"description\":\" Fusce dapibus, tellus ac cursus commodo, tortor mauris condi- mentum nibh, ut fermentum massa justo sit amet risus. Integer posuere erat a ante venenatis dapibus posuere velit aliquet. Cum sociis natoque penatibus et magnis dis parturient montes, nasce- tur ridiculus mus nulla vitae elit libero.\",\"learnmore\":{\"type\":\"\",\"email\":\"\",\"tel\":\"\",\"custom\":\"\",\"entry\":\"\",\"asset\":\"\",\"category\":\"\",\"text\":\"\"},\"illustration\":[\"57\"],\"pictureSide\":\"right\"}},\"new2\":{\"type\":\"col5colSplit\",\"enabled\":\"1\",\"fields\":{\"label\":\"Perks\",\"headline\":\"At AppDirect, we strive to create a work environment where team members are motivated to amplify our culture.\",\"description\":\"In addition to a competitive benefits package, we offer wellness programs, catered meals, fully-stocked kitchens and regular sponsored events. Out beautiful and newly renovated office spaces create a relaxed, open atmosphere where you can easily collaborate with colleagues, or find space for solo contemplation.\",\"learnmore\":{\"type\":\"\",\"email\":\"\",\"tel\":\"\",\"custom\":\"\",\"entry\":\"\",\"asset\":\"\",\"category\":\"\"},\"picture\":[\"58\"],\"pictureSide\":\"left\",\"textBackground\":\"light\",\"whichSideIs7Columns\":\"text\"}},\"42\":{\"type\":\"jobsTable\",\"enabled\":\"1\",\"fields\":{\"jobsHeadline\":\"Duis mollis, est non commodo luctus, nisi erat porttitor ligula, eget lacinia odio elit. Cum sociis natoque penatibus magnis parturient.\"}}}}}', '2015-12-22 21:30:06', '2015-12-22 21:30:06', '0429fdd7-2ef0-4ec2-830f-f5c85ed4b4d3'),
 ('51', '2', '1', '1', 'en_us', '33', '', '{\"typeId\":\"1\",\"authorId\":null,\"title\":\"Home\",\"slug\":\"homepage\",\"postDate\":1439414791,\"expiryDate\":null,\"enabled\":1,\"fields\":{\"62\":{\"34\":{\"type\":\"hero\",\"enabled\":\"1\",\"fields\":{\"tagline\":\"At AppDirect, you\\u2019ll build technology that helps millions of businesses become more successful, every day.\",\"primaryButton\":{\"type\":\"custom\",\"email\":\"\",\"tel\":\"\",\"custom\":\"http:\\/\\/www.google.com\",\"entry\":\"\",\"asset\":\"\",\"category\":\"\",\"text\":\"See Job Openings\"},\"secondaryButton\":{\"type\":\"custom\",\"email\":\"\",\"tel\":\"\",\"custom\":\"http:\\/\\/www.google.com\",\"entry\":\"\",\"asset\":\"\",\"category\":\"\",\"text\":\"Watch Video\"},\"introText\":\"Technology that helps them discover the software tools that develop- ers and individuals (like you) are building for exciting industries all over the globe. Come disrupt how software is discovered and consumed with talented, but humble people from every walk of life.\",\"label\":\"\",\"backgroundImage\":[\"5\"],\"textColumns\":\"seven\",\"textBackground\":\"light\"}},\"41\":{\"type\":\"halfWidthPicture\",\"enabled\":\"1\",\"fields\":{\"label\":\"What We Do\",\"headline\":\"We\\u2019re a commerce platform for finding, buying and selling cloud software.\",\"description\":\"Fusce dapibus, tellus ac cursus commodo, tortor mauris condi- mentum nibh, ut fermentum massa justo sit amet risus. Integer posuere erat a ante venenatis dapibus posuere velit aliquet. Cum sociis natoque penatibus et magnis dis parturient montes, nascetur ridiculus mus. Nulla vitae elit libero.\",\"learnmore\":{\"type\":\"custom\",\"email\":\"\",\"tel\":\"\",\"custom\":\"http:\\/\\/www.appdirect.com\",\"entry\":\"\",\"asset\":\"\",\"category\":\"\",\"text\":\"Learn More\"},\"illustration\":[\"53\"],\"pictureSide\":\"left\",\"textBackground\":\"light\"}},\"49\":{\"type\":\"videoThreeUp\",\"enabled\":\"1\",\"fields\":{\"videos\":[\"48\",\"46\",\"47\"]}},\"44\":{\"type\":\"values\",\"enabled\":\"1\",\"fields\":{\"values\":\"\"}},\"45\":{\"type\":\"halfWidthPicture\",\"enabled\":\"1\",\"fields\":{\"label\":\"Teams\",\"headline\":\"Duis mollis, est commodo luctus, nisi erat porttitor ligula, eget lacinia odio sem nec elit. Cum sociis natoque magnis parturient montes.\",\"description\":\" Fusce dapibus, tellus ac cursus commodo, tortor mauris condi- mentum nibh, ut fermentum massa justo sit amet risus. Integer posuere erat a ante venenatis dapibus posuere velit aliquet. Cum sociis natoque penatibus et magnis dis parturient montes, nasce- tur ridiculus mus nulla vitae elit libero.\",\"learnmore\":{\"type\":\"\",\"email\":\"\",\"tel\":\"\",\"custom\":\"\",\"entry\":\"\",\"asset\":\"\",\"category\":\"\",\"text\":\"\"},\"illustration\":[\"57\"],\"pictureSide\":\"right\",\"textBackground\":\"dark\"}},\"59\":{\"type\":\"col5colSplit\",\"enabled\":\"1\",\"fields\":{\"label\":\"Perks\",\"headline\":\"At AppDirect, we strive to create a work environment where team members are motivated to amplify our culture.\",\"description\":\"In addition to a competitive benefits package, we offer wellness programs, catered meals, fully-stocked kitchens and regular sponsored events. Out beautiful and newly renovated office spaces create a relaxed, open atmosphere where you can easily collaborate with colleagues, or find space for solo contemplation.\",\"learnmore\":{\"type\":\"\",\"email\":\"\",\"tel\":\"\",\"custom\":\"\",\"entry\":\"\",\"asset\":\"\",\"category\":\"\"},\"picture\":[\"58\"],\"pictureSide\":\"left\",\"textBackground\":\"light\",\"whichSideIs7Columns\":\"text\"}},\"42\":{\"type\":\"jobsTable\",\"enabled\":\"1\",\"fields\":{\"jobsHeadline\":\"Duis mollis, est non commodo luctus, nisi erat porttitor ligula, eget lacinia odio elit. Cum sociis natoque penatibus magnis parturient.\"}}}}}', '2015-12-22 21:42:01', '2015-12-22 21:42:01', '4bf9f78e-ee86-401d-8ea7-f32adc9ad53b'),
 ('52', '2', '1', '1', 'en_us', '34', '', '{\"typeId\":\"1\",\"authorId\":null,\"title\":\"Home\",\"slug\":\"homepage\",\"postDate\":1439414791,\"expiryDate\":null,\"enabled\":1,\"fields\":{\"62\":{\"34\":{\"type\":\"hero\",\"enabled\":\"1\",\"fields\":{\"tagline\":\"At AppDirect, you\\u2019ll build technology that helps millions of businesses become more successful, every day.\",\"primaryButton\":{\"type\":\"custom\",\"email\":\"\",\"tel\":\"\",\"custom\":\"http:\\/\\/www.google.com\",\"entry\":\"\",\"asset\":\"\",\"category\":\"\",\"text\":\"See Job Openings\"},\"secondaryButton\":{\"type\":\"custom\",\"email\":\"\",\"tel\":\"\",\"custom\":\"http:\\/\\/www.google.com\",\"entry\":\"\",\"asset\":\"\",\"category\":\"\",\"text\":\"Watch Video\"},\"introText\":\"Technology that helps them discover the software tools that develop- ers and individuals (like you) are building for exciting industries all over the globe. Come disrupt how software is discovered and consumed with talented, but humble people from every walk of life.\",\"label\":\"\",\"backgroundImage\":[\"5\"],\"textColumns\":\"seven\",\"textBackground\":\"light\"}},\"41\":{\"type\":\"halfWidthPicture\",\"enabled\":\"1\",\"fields\":{\"label\":\"What We Do\",\"headline\":\"We\\u2019re a commerce platform for finding, buying and selling cloud software.\",\"description\":\"Fusce dapibus, tellus ac cursus commodo, tortor mauris condi- mentum nibh, ut fermentum massa justo sit amet risus. Integer posuere erat a ante venenatis dapibus posuere velit aliquet. Cum sociis natoque penatibus et magnis dis parturient montes, nascetur ridiculus mus. Nulla vitae elit libero.\",\"learnmore\":{\"type\":\"custom\",\"email\":\"\",\"tel\":\"\",\"custom\":\"http:\\/\\/www.appdirect.com\",\"entry\":\"\",\"asset\":\"\",\"category\":\"\",\"text\":\"Learn More\"},\"illustration\":[\"53\"],\"pictureSide\":\"left\",\"textBackground\":\"light\"}},\"49\":{\"type\":\"videoThreeUp\",\"enabled\":\"1\",\"fields\":{\"videos\":[\"48\",\"46\",\"47\"]}},\"44\":{\"type\":\"values\",\"enabled\":\"1\",\"fields\":{\"values\":\"\"}},\"45\":{\"type\":\"halfWidthPicture\",\"enabled\":\"1\",\"fields\":{\"label\":\"Teams\",\"headline\":\"Duis mollis, est commodo luctus, nisi erat porttitor ligula, eget lacinia odio sem nec elit. Cum sociis natoque magnis parturient montes.\",\"description\":\" Fusce dapibus, tellus ac cursus commodo, tortor mauris condi- mentum nibh, ut fermentum massa justo sit amet risus. Integer posuere erat a ante venenatis dapibus posuere velit aliquet. Cum sociis natoque penatibus et magnis dis parturient montes, nasce- tur ridiculus mus nulla vitae elit libero.\",\"learnmore\":{\"type\":\"\",\"email\":\"\",\"tel\":\"\",\"custom\":\"\",\"entry\":\"\",\"asset\":\"\",\"category\":\"\",\"text\":\"\"},\"illustration\":[\"57\"],\"pictureSide\":\"right\",\"textBackground\":\"dark\"}},\"59\":{\"type\":\"col5colSplit\",\"enabled\":\"1\",\"fields\":{\"label\":\"Perks\",\"headline\":\"At AppDirect, we strive to create a work environment where team members are motivated to amplify our culture.\",\"description\":\"In addition to a competitive benefits package, we offer wellness programs, catered meals, fully-stocked kitchens and regular sponsored events. Out beautiful and newly renovated office spaces create a relaxed, open atmosphere where you can easily collaborate with colleagues, or find space for solo contemplation.\",\"learnmore\":{\"type\":\"\",\"email\":\"\",\"tel\":\"\",\"custom\":\"\",\"entry\":\"\",\"asset\":\"\",\"category\":\"\"},\"picture\":[\"58\"],\"pictureSide\":\"left\",\"textBackground\":\"light\",\"whichSideIs7Columns\":\"text\"}},\"42\":{\"type\":\"jobsTable\",\"enabled\":\"1\",\"fields\":{\"jobsHeadline\":\"Duis mollis, est non commodo luctus, nisi erat porttitor ligula, eget lacinia odio elit. Cum sociis natoque penatibus magnis parturient.\"}}}}}', '2015-12-22 21:47:46', '2015-12-22 21:47:46', '56433133-5ed2-4444-b89a-44b5ba120ab4'),
 ('53', '2', '1', '1', 'en_us', '35', '', '{\"typeId\":\"1\",\"authorId\":null,\"title\":\"Home\",\"slug\":\"homepage\",\"postDate\":1439414791,\"expiryDate\":null,\"enabled\":1,\"fields\":{\"62\":{\"34\":{\"type\":\"hero\",\"enabled\":\"1\",\"fields\":{\"tagline\":\"At AppDirect, you\\u2019ll build technology that helps millions of businesses become more successful, every day.\",\"primaryButton\":{\"type\":\"custom\",\"email\":\"\",\"tel\":\"\",\"custom\":\"http:\\/\\/www.google.com\",\"entry\":\"\",\"asset\":\"\",\"category\":\"\",\"text\":\"See Job Openings\"},\"secondaryButton\":{\"type\":\"custom\",\"email\":\"\",\"tel\":\"\",\"custom\":\"http:\\/\\/www.google.com\",\"entry\":\"\",\"asset\":\"\",\"category\":\"\",\"text\":\"Watch Video\"},\"introText\":\"Technology that helps them discover the software tools that develop- ers and individuals (like you) are building for exciting industries all over the globe. Come disrupt how software is discovered and consumed with talented, but humble people from every walk of life.\",\"label\":\"\",\"backgroundImage\":[\"5\"],\"textColumns\":\"seven\",\"textBackground\":\"light\"}},\"41\":{\"type\":\"halfWidthPicture\",\"enabled\":\"1\",\"fields\":{\"label\":\"What We Do\",\"headline\":\"We\\u2019re a commerce platform for finding, buying and selling cloud software.\",\"description\":\"Fusce dapibus, tellus ac cursus commodo, tortor mauris condi- mentum nibh, ut fermentum massa justo sit amet risus. Integer posuere erat a ante venenatis dapibus posuere velit aliquet. Cum sociis natoque penatibus et magnis dis parturient montes, nascetur ridiculus mus. Nulla vitae elit libero.\",\"learnmore\":{\"type\":\"custom\",\"email\":\"\",\"tel\":\"\",\"custom\":\"http:\\/\\/www.appdirect.com\",\"entry\":\"\",\"asset\":\"\",\"category\":\"\",\"text\":\"Learn More\"},\"illustration\":[\"53\"],\"pictureSide\":\"left\",\"textBackground\":\"light\"}},\"49\":{\"type\":\"videoThreeUp\",\"enabled\":\"1\",\"fields\":{\"videos\":[\"48\",\"46\",\"47\"]}},\"44\":{\"type\":\"values\",\"enabled\":\"1\",\"fields\":{\"values\":\"\"}},\"45\":{\"type\":\"halfWidthPicture\",\"enabled\":\"1\",\"fields\":{\"label\":\"Teams\",\"headline\":\"Duis mollis, est commodo luctus, nisi erat porttitor ligula, eget lacinia odio sem nec elit. Cum sociis natoque magnis parturient montes.\",\"description\":\" Fusce dapibus, tellus ac cursus commodo, tortor mauris condi- mentum nibh, ut fermentum massa justo sit amet risus. Integer posuere erat a ante venenatis dapibus posuere velit aliquet. Cum sociis natoque penatibus et magnis dis parturient montes, nasce- tur ridiculus mus nulla vitae elit libero.\",\"learnmore\":{\"type\":\"\",\"email\":\"\",\"tel\":\"\",\"custom\":\"\",\"entry\":\"\",\"asset\":\"\",\"category\":\"\",\"text\":\"\"},\"illustration\":[\"57\"],\"pictureSide\":\"right\",\"textBackground\":\"dark\"}},\"59\":{\"type\":\"col5colSplit\",\"enabled\":\"1\",\"fields\":{\"label\":\"Perks\",\"headline\":\"At AppDirect, we strive to create a work environment where team members are motivated to amplify our culture.\",\"description\":\"In addition to a competitive benefits package, we offer wellness programs, catered meals, fully-stocked kitchens and regular sponsored events. Out beautiful and newly renovated office spaces create a relaxed, open atmosphere where you can easily collaborate with colleagues, or find space for solo contemplation.\",\"learnmore\":{\"type\":\"\",\"email\":\"\",\"tel\":\"\",\"custom\":\"\",\"entry\":\"\",\"asset\":\"\",\"category\":\"\"},\"picture\":[\"58\"],\"pictureSide\":\"left\",\"textBackground\":\"light\",\"whichSideIs7Columns\":\"text\"}},\"new1\":{\"type\":\"fullWidthImage\",\"enabled\":\"1\",\"fields\":{\"label\":\"Locations\",\"headline\":\"We are headquartered in San Francisco, with satellite offices in Montreal, Canada, and Munich, Germany.\",\"description\":\"And we continue to grow, helping businesses harness the power of cloud software around the world\\u2014in the Americas, in Europe, and in Asia. At AppDirect we are building a company not just with global reach, but with global presence.  \",\"learnmore\":{\"type\":\"\",\"email\":\"\",\"tel\":\"\",\"custom\":\"\",\"entry\":\"\",\"asset\":\"\",\"category\":\"\",\"text\":\"\"},\"image\":[\"60\"],\"copySide\":\"left\",\"textBackground\":\"dark\"}},\"42\":{\"type\":\"jobsTable\",\"enabled\":\"1\",\"fields\":{\"jobsHeadline\":\"Duis mollis, est non commodo luctus, nisi erat porttitor ligula, eget lacinia odio elit. Cum sociis natoque penatibus magnis parturient.\"}}}}}', '2015-12-22 22:06:11', '2015-12-22 22:06:11', '01c72320-6c6d-47b2-938a-fa166dee6f38'),
 ('54', '2', '1', '1', 'en_us', '36', '', '{\"typeId\":\"1\",\"authorId\":null,\"title\":\"Home\",\"slug\":\"homepage\",\"postDate\":1439414791,\"expiryDate\":null,\"enabled\":1,\"fields\":{\"62\":{\"34\":{\"type\":\"hero\",\"enabled\":\"1\",\"fields\":{\"tagline\":\"At AppDirect, you\\u2019ll build technology that helps millions of businesses become more successful, every day.\",\"primaryButton\":{\"type\":\"custom\",\"email\":\"\",\"tel\":\"\",\"custom\":\"http:\\/\\/www.google.com\",\"entry\":\"\",\"asset\":\"\",\"category\":\"\",\"text\":\"See Job Openings\"},\"secondaryButton\":{\"type\":\"custom\",\"email\":\"\",\"tel\":\"\",\"custom\":\"http:\\/\\/www.google.com\",\"entry\":\"\",\"asset\":\"\",\"category\":\"\",\"text\":\"Watch Video\"},\"introText\":\"Technology that helps them discover the software tools that develop- ers and individuals (like you) are building for exciting industries all over the globe. Come disrupt how software is discovered and consumed with talented, but humble people from every walk of life.\",\"label\":\"\",\"backgroundImage\":[\"5\"],\"textColumns\":\"seven\",\"textBackground\":\"light\"}},\"41\":{\"type\":\"halfWidthPicture\",\"enabled\":\"1\",\"fields\":{\"label\":\"What We Do\",\"headline\":\"We\\u2019re a commerce platform for finding, buying and selling cloud software.\",\"description\":\"Fusce dapibus, tellus ac cursus commodo, tortor mauris condi- mentum nibh, ut fermentum massa justo sit amet risus. Integer posuere erat a ante venenatis dapibus posuere velit aliquet. Cum sociis natoque penatibus et magnis dis parturient montes, nascetur ridiculus mus. Nulla vitae elit libero.\",\"learnmore\":{\"type\":\"custom\",\"email\":\"\",\"tel\":\"\",\"custom\":\"http:\\/\\/www.appdirect.com\",\"entry\":\"\",\"asset\":\"\",\"category\":\"\",\"text\":\"Learn More\"},\"illustration\":[\"53\"],\"pictureSide\":\"left\",\"textBackground\":\"light\",\"image\":\"\"}},\"49\":{\"type\":\"videoThreeUp\",\"enabled\":\"1\",\"fields\":{\"videos\":[\"48\",\"46\",\"47\"]}},\"44\":{\"type\":\"values\",\"enabled\":\"1\",\"fields\":{\"values\":\"\"}},\"45\":{\"type\":\"halfWidthPicture\",\"enabled\":\"1\",\"fields\":{\"label\":\"Teams\",\"headline\":\"Duis mollis, est commodo luctus, nisi erat porttitor ligula, eget lacinia odio sem nec elit. Cum sociis natoque magnis parturient montes.\",\"description\":\" Fusce dapibus, tellus ac cursus commodo, tortor mauris condi- mentum nibh, ut fermentum massa justo sit amet risus. Integer posuere erat a ante venenatis dapibus posuere velit aliquet. Cum sociis natoque penatibus et magnis dis parturient montes, nasce- tur ridiculus mus nulla vitae elit libero.\",\"learnmore\":{\"type\":\"\",\"email\":\"\",\"tel\":\"\",\"custom\":\"\",\"entry\":\"\",\"asset\":\"\",\"category\":\"\",\"text\":\"\"},\"illustration\":\"\",\"pictureSide\":\"right\",\"textBackground\":\"dark\",\"image\":[\"57\"]}},\"59\":{\"type\":\"col5colSplit\",\"enabled\":\"1\",\"fields\":{\"label\":\"Perks\",\"headline\":\"At AppDirect, we strive to create a work environment where team members are motivated to amplify our culture.\",\"description\":\"In addition to a competitive benefits package, we offer wellness programs, catered meals, fully-stocked kitchens and regular sponsored events. Out beautiful and newly renovated office spaces create a relaxed, open atmosphere where you can easily collaborate with colleagues, or find space for solo contemplation.\",\"learnmore\":{\"type\":\"\",\"email\":\"\",\"tel\":\"\",\"custom\":\"\",\"entry\":\"\",\"asset\":\"\",\"category\":\"\"},\"picture\":[\"58\"],\"pictureSide\":\"left\",\"textBackground\":\"light\",\"whichSideIs7Columns\":\"text\"}},\"61\":{\"type\":\"fullWidthImage\",\"enabled\":\"1\",\"fields\":{\"label\":\"Locations\",\"headline\":\"We are headquartered in San Francisco, with satellite offices in Montreal, Canada, and Munich, Germany.\",\"description\":\"And we continue to grow, helping businesses harness the power of cloud software around the world\\u2014in the Americas, in Europe, and in Asia. At AppDirect we are building a company not just with global reach, but with global presence.  \",\"learnmore\":{\"type\":\"\",\"email\":\"\",\"tel\":\"\",\"custom\":\"\",\"entry\":\"\",\"asset\":\"\",\"category\":\"\",\"text\":\"\"},\"image\":[\"60\"],\"copySide\":\"left\",\"textBackground\":\"dark\"}},\"42\":{\"type\":\"jobsTable\",\"enabled\":\"1\",\"fields\":{\"jobsHeadline\":\"Duis mollis, est non commodo luctus, nisi erat porttitor ligula, eget lacinia odio elit. Cum sociis natoque penatibus magnis parturient.\"}}}}}', '2015-12-22 22:10:25', '2015-12-22 22:10:25', 'cc13f92f-d06e-4f1b-8444-9d09861c46b3'),
 ('55', '62', '9', '1', 'en_us', '1', '', '{\"typeId\":null,\"authorId\":\"1\",\"title\":\"San Francisco\",\"slug\":\"san-francisco\",\"postDate\":1450823265,\"expiryDate\":null,\"enabled\":1,\"fields\":[]}', '2015-12-22 22:27:45', '2015-12-22 22:27:45', 'd94ab8b9-b023-4067-8f58-621ae54bcd27'),
 ('56', '2', '1', '1', 'en_us', '37', '', '{\"typeId\":\"1\",\"authorId\":null,\"title\":\"Home\",\"slug\":\"homepage\",\"postDate\":1439414791,\"expiryDate\":null,\"enabled\":1,\"fields\":{\"62\":{\"34\":{\"type\":\"hero\",\"enabled\":\"1\",\"fields\":{\"tagline\":\"At AppDirect, you\\u2019ll build technology that helps millions of businesses become more successful, every day.\",\"primaryButton\":{\"type\":\"custom\",\"email\":\"\",\"tel\":\"\",\"custom\":\"http:\\/\\/www.google.com\",\"entry\":\"\",\"asset\":\"\",\"category\":\"\",\"text\":\"See Job Openings\"},\"secondaryButton\":{\"type\":\"custom\",\"email\":\"\",\"tel\":\"\",\"custom\":\"http:\\/\\/www.google.com\",\"entry\":\"\",\"asset\":\"\",\"category\":\"\",\"text\":\"Watch Video\"},\"introText\":\"Technology that helps them discover the software tools that develop- ers and individuals (like you) are building for exciting industries all over the globe. Come disrupt how software is discovered and consumed with talented, but humble people from every walk of life.\",\"label\":\"\",\"backgroundImage\":[\"5\"],\"textColumns\":\"seven\",\"textBackground\":\"light\"}},\"41\":{\"type\":\"halfWidthPicture\",\"enabled\":\"1\",\"fields\":{\"label\":\"What We Do\",\"headline\":\"We\\u2019re a commerce platform for finding, buying and selling cloud software.\",\"description\":\"Fusce dapibus, tellus ac cursus commodo, tortor mauris condi- mentum nibh, ut fermentum massa justo sit amet risus. Integer posuere erat a ante venenatis dapibus posuere velit aliquet. Cum sociis natoque penatibus et magnis dis parturient montes, nascetur ridiculus mus. Nulla vitae elit libero.\",\"learnmore\":{\"type\":\"custom\",\"email\":\"\",\"tel\":\"\",\"custom\":\"http:\\/\\/www.appdirect.com\",\"entry\":\"\",\"asset\":\"\",\"category\":\"\",\"text\":\"Learn More\"},\"illustration\":[\"53\"],\"pictureSide\":\"left\",\"textBackground\":\"light\",\"image\":\"\",\"href\":\"whatwedo\"}},\"49\":{\"type\":\"videoThreeUp\",\"enabled\":\"1\",\"fields\":{\"videos\":[\"48\",\"46\",\"47\"]}},\"44\":{\"type\":\"values\",\"enabled\":\"1\",\"fields\":{\"values\":\"\"}},\"45\":{\"type\":\"halfWidthPicture\",\"enabled\":\"1\",\"fields\":{\"label\":\"Teams\",\"headline\":\"Duis mollis, est commodo luctus, nisi erat porttitor ligula, eget lacinia odio sem nec elit. Cum sociis natoque magnis parturient montes.\",\"description\":\" Fusce dapibus, tellus ac cursus commodo, tortor mauris condi- mentum nibh, ut fermentum massa justo sit amet risus. Integer posuere erat a ante venenatis dapibus posuere velit aliquet. Cum sociis natoque penatibus et magnis dis parturient montes, nasce- tur ridiculus mus nulla vitae elit libero.\",\"learnmore\":{\"type\":\"\",\"email\":\"\",\"tel\":\"\",\"custom\":\"\",\"entry\":\"\",\"asset\":\"\",\"category\":\"\",\"text\":\"\"},\"illustration\":\"\",\"pictureSide\":\"right\",\"textBackground\":\"dark\",\"image\":[\"57\"],\"href\":\"teams\"}},\"59\":{\"type\":\"col5colSplit\",\"enabled\":\"1\",\"fields\":{\"label\":\"Perks\",\"headline\":\"At AppDirect, we strive to create a work environment where team members are motivated to amplify our culture.\",\"description\":\"In addition to a competitive benefits package, we offer wellness programs, catered meals, fully-stocked kitchens and regular sponsored events. Out beautiful and newly renovated office spaces create a relaxed, open atmosphere where you can easily collaborate with colleagues, or find space for solo contemplation.\",\"learnmore\":{\"type\":\"\",\"email\":\"\",\"tel\":\"\",\"custom\":\"\",\"entry\":\"\",\"asset\":\"\",\"category\":\"\"},\"picture\":[\"58\"],\"pictureSide\":\"left\",\"textBackground\":\"light\",\"whichSideIs7Columns\":\"text\"}},\"61\":{\"type\":\"fullWidthImage\",\"enabled\":\"1\",\"fields\":{\"label\":\"Locations\",\"headline\":\"We are headquartered in San Francisco, with satellite offices in Montreal, Canada, and Munich, Germany.\",\"description\":\"And we continue to grow, helping businesses harness the power of cloud software around the world\\u2014in the Americas, in Europe, and in Asia. At AppDirect we are building a company not just with global reach, but with global presence.  \",\"learnmore\":{\"type\":\"\",\"email\":\"\",\"tel\":\"\",\"custom\":\"\",\"entry\":\"\",\"asset\":\"\",\"category\":\"\",\"text\":\"\"},\"image\":[\"60\"],\"copySide\":\"left\",\"textBackground\":\"dark\"}},\"42\":{\"type\":\"jobsTable\",\"enabled\":\"1\",\"fields\":{\"jobsHeadline\":\"Duis mollis, est non commodo luctus, nisi erat porttitor ligula, eget lacinia odio elit. Cum sociis natoque penatibus magnis parturient.\"}}}}}', '2015-12-22 23:08:10', '2015-12-22 23:08:10', 'e5bf671b-9b04-423a-ab38-e653b3631eaa'),
 ('57', '2', '1', '1', 'en_us', '38', '', '{\"typeId\":\"1\",\"authorId\":null,\"title\":\"Home\",\"slug\":\"homepage\",\"postDate\":1439414791,\"expiryDate\":null,\"enabled\":1,\"fields\":{\"62\":{\"34\":{\"type\":\"hero\",\"enabled\":\"1\",\"fields\":{\"tagline\":\"At AppDirect, you\\u2019ll build technology that helps millions of businesses become more successful, every day.\",\"primaryButton\":{\"type\":\"custom\",\"email\":\"\",\"tel\":\"\",\"custom\":\"http:\\/\\/www.google.com\",\"entry\":\"\",\"asset\":\"\",\"category\":\"\",\"text\":\"See Job Openings\"},\"secondaryButton\":{\"type\":\"custom\",\"email\":\"\",\"tel\":\"\",\"custom\":\"http:\\/\\/www.google.com\",\"entry\":\"\",\"asset\":\"\",\"category\":\"\",\"text\":\"Watch Video\"},\"introText\":\"Technology that helps them discover the software tools that develop- ers and individuals (like you) are building for exciting industries all over the globe. Come disrupt how software is discovered and consumed with talented, but humble people from every walk of life.\",\"label\":\"\",\"backgroundImage\":[\"5\"],\"textColumns\":\"seven\",\"textBackground\":\"light\"}},\"41\":{\"type\":\"halfWidthPicture\",\"enabled\":\"1\",\"fields\":{\"label\":\"What We Do\",\"headline\":\"We\\u2019re a commerce platform for finding, buying and selling cloud software.\",\"description\":\"Fusce dapibus, tellus ac cursus commodo, tortor mauris condi- mentum nibh, ut fermentum massa justo sit amet risus. Integer posuere erat a ante venenatis dapibus posuere velit aliquet. Cum sociis natoque penatibus et magnis dis parturient montes, nascetur ridiculus mus. Nulla vitae elit libero.\",\"learnmore\":{\"type\":\"custom\",\"email\":\"\",\"tel\":\"\",\"custom\":\"http:\\/\\/www.appdirect.com\",\"entry\":\"\",\"asset\":\"\",\"category\":\"\",\"text\":\"Learn More\"},\"illustration\":[\"53\"],\"pictureSide\":\"left\",\"textBackground\":\"light\",\"image\":\"\",\"scrollID\":\"whatwedo\"}},\"49\":{\"type\":\"videoThreeUp\",\"enabled\":\"1\",\"fields\":{\"videos\":[\"48\",\"46\",\"47\"]}},\"44\":{\"type\":\"values\",\"enabled\":\"1\",\"fields\":{\"values\":\"\"}},\"45\":{\"type\":\"halfWidthPicture\",\"enabled\":\"1\",\"fields\":{\"label\":\"Teams\",\"headline\":\"Duis mollis, est commodo luctus, nisi erat porttitor ligula, eget lacinia odio sem nec elit. Cum sociis natoque magnis parturient montes.\",\"description\":\" Fusce dapibus, tellus ac cursus commodo, tortor mauris condi- mentum nibh, ut fermentum massa justo sit amet risus. Integer posuere erat a ante venenatis dapibus posuere velit aliquet. Cum sociis natoque penatibus et magnis dis parturient montes, nasce- tur ridiculus mus nulla vitae elit libero.\",\"learnmore\":{\"type\":\"\",\"email\":\"\",\"tel\":\"\",\"custom\":\"\",\"entry\":\"\",\"asset\":\"\",\"category\":\"\",\"text\":\"\"},\"illustration\":\"\",\"pictureSide\":\"right\",\"textBackground\":\"dark\",\"image\":[\"57\"],\"scrollID\":\"teams\"}},\"59\":{\"type\":\"col5colSplit\",\"enabled\":\"1\",\"fields\":{\"label\":\"Perks\",\"headline\":\"At AppDirect, we strive to create a work environment where team members are motivated to amplify our culture.\",\"description\":\"In addition to a competitive benefits package, we offer wellness programs, catered meals, fully-stocked kitchens and regular sponsored events. Out beautiful and newly renovated office spaces create a relaxed, open atmosphere where you can easily collaborate with colleagues, or find space for solo contemplation.\",\"learnmore\":{\"type\":\"\",\"email\":\"\",\"tel\":\"\",\"custom\":\"\",\"entry\":\"\",\"asset\":\"\",\"category\":\"\"},\"picture\":[\"58\"],\"pictureSide\":\"left\",\"textBackground\":\"light\",\"whichSideIs7Columns\":\"text\"}},\"61\":{\"type\":\"fullWidthImage\",\"enabled\":\"1\",\"fields\":{\"label\":\"Locations\",\"headline\":\"We are headquartered in San Francisco, with satellite offices in Montreal, Canada, and Munich, Germany.\",\"description\":\"And we continue to grow, helping businesses harness the power of cloud software around the world\\u2014in the Americas, in Europe, and in Asia. At AppDirect we are building a company not just with global reach, but with global presence.  \",\"learnmore\":{\"type\":\"\",\"email\":\"\",\"tel\":\"\",\"custom\":\"\",\"entry\":\"\",\"asset\":\"\",\"category\":\"\",\"text\":\"\"},\"image\":[\"60\"],\"copySide\":\"left\",\"textBackground\":\"dark\"}},\"42\":{\"type\":\"jobsTable\",\"enabled\":\"1\",\"fields\":{\"jobsHeadline\":\"Duis mollis, est non commodo luctus, nisi erat porttitor ligula, eget lacinia odio elit. Cum sociis natoque penatibus magnis parturient.\"}}}}}', '2015-12-22 23:10:07', '2015-12-22 23:10:07', 'afc27b92-8ac9-4e02-9e13-2b9fc346c224'),
 ('58', '2', '1', '1', 'en_us', '39', '', '{\"typeId\":\"1\",\"authorId\":null,\"title\":\"Home\",\"slug\":\"homepage\",\"postDate\":1439414791,\"expiryDate\":null,\"enabled\":1,\"fields\":{\"62\":{\"34\":{\"type\":\"hero\",\"enabled\":\"1\",\"fields\":{\"tagline\":\"At AppDirect, you\\u2019ll build technology that helps millions of businesses become more successful, every day.\",\"primaryButton\":{\"type\":\"custom\",\"email\":\"\",\"tel\":\"\",\"custom\":\"http:\\/\\/www.google.com\",\"entry\":\"\",\"asset\":\"\",\"category\":\"\",\"text\":\"See Job Openings\"},\"secondaryButton\":{\"type\":\"custom\",\"email\":\"\",\"tel\":\"\",\"custom\":\"http:\\/\\/www.google.com\",\"entry\":\"\",\"asset\":\"\",\"category\":\"\",\"text\":\"Watch Video\"},\"introText\":\"Technology that helps them discover the software tools that develop- ers and individuals (like you) are building for exciting industries all over the globe. Come disrupt how software is discovered and consumed with talented, but humble people from every walk of life.\",\"label\":\"\",\"backgroundImage\":[\"5\"],\"textColumns\":\"seven\",\"textBackground\":\"light\"}},\"41\":{\"type\":\"halfWidthPicture\",\"enabled\":\"1\",\"fields\":{\"label\":\"What We Do\",\"headline\":\"We\\u2019re a commerce platform for finding, buying and selling cloud software.\",\"description\":\"Fusce dapibus, tellus ac cursus commodo, tortor mauris condi- mentum nibh, ut fermentum massa justo sit amet risus. Integer posuere erat a ante venenatis dapibus posuere velit aliquet. Cum sociis natoque penatibus et magnis dis parturient montes, nascetur ridiculus mus. Nulla vitae elit libero.\",\"learnmore\":{\"type\":\"custom\",\"email\":\"\",\"tel\":\"\",\"custom\":\"http:\\/\\/www.appdirect.com\",\"entry\":\"\",\"asset\":\"\",\"category\":\"\",\"text\":\"Learn More\"},\"illustration\":[\"53\"],\"pictureSide\":\"left\",\"textBackground\":\"light\",\"image\":\"\",\"scrollID\":\"whatwedo\"}},\"49\":{\"type\":\"videoThreeUp\",\"enabled\":\"1\",\"fields\":{\"videos\":[\"48\",\"46\",\"47\"]}},\"44\":{\"type\":\"values\",\"enabled\":\"1\",\"fields\":{\"values\":\"\"}},\"45\":{\"type\":\"halfWidthPicture\",\"enabled\":\"1\",\"fields\":{\"label\":\"Teams\",\"headline\":\"Duis mollis, est commodo luctus, nisi erat porttitor ligula, eget lacinia odio sem nec elit. Cum sociis natoque magnis parturient montes.\",\"description\":\" Fusce dapibus, tellus ac cursus commodo, tortor mauris condi- mentum nibh, ut fermentum massa justo sit amet risus. Integer posuere erat a ante venenatis dapibus posuere velit aliquet. Cum sociis natoque penatibus et magnis dis parturient montes, nasce- tur ridiculus mus nulla vitae elit libero.\",\"learnmore\":{\"type\":\"\",\"email\":\"\",\"tel\":\"\",\"custom\":\"\",\"entry\":\"\",\"asset\":\"\",\"category\":\"\",\"text\":\"\"},\"illustration\":\"\",\"pictureSide\":\"right\",\"textBackground\":\"dark\",\"image\":[\"57\"],\"scrollID\":\"teams\"}},\"59\":{\"type\":\"col5colSplit\",\"enabled\":\"1\",\"fields\":{\"label\":\"Perks\",\"headline\":\"At AppDirect, we strive to create a work environment where team members are motivated to amplify our culture.\",\"description\":\"In addition to a competitive benefits package, we offer wellness programs, catered meals, fully-stocked kitchens and regular sponsored events. Out beautiful and newly renovated office spaces create a relaxed, open atmosphere where you can easily collaborate with colleagues, or find space for solo contemplation.\",\"learnmore\":{\"type\":\"\",\"email\":\"\",\"tel\":\"\",\"custom\":\"\",\"entry\":\"\",\"asset\":\"\",\"category\":\"\"},\"picture\":[\"58\"],\"pictureSide\":\"left\",\"textBackground\":\"light\",\"whichSideIs7Columns\":\"text\"}},\"61\":{\"type\":\"fullWidthImage\",\"enabled\":\"1\",\"fields\":{\"label\":\"Locations\",\"headline\":\"We are headquartered in San Francisco, with satellite offices in Montreal, Canada, and Munich, Germany.\",\"description\":\"And we continue to grow, helping businesses harness the power of cloud software around the world\\u2014in the Americas, in Europe, and in Asia. At AppDirect we are building a company not just with global reach, but with global presence.  \",\"learnmore\":{\"type\":\"\",\"email\":\"\",\"tel\":\"\",\"custom\":\"\",\"entry\":\"\",\"asset\":\"\",\"category\":\"\",\"text\":\"\"},\"image\":[\"60\"],\"copySide\":\"left\",\"textBackground\":\"dark\"}},\"42\":{\"type\":\"jobsTable\",\"enabled\":\"1\",\"fields\":{\"jobsHeadline\":\"Duis mollis, est non commodo luctus, nisi erat porttitor ligula, eget lacinia odio elit. Cum sociis natoque penatibus magnis parturient.\"}}}}}', '2015-12-22 23:12:25', '2015-12-22 23:12:25', 'c633070f-0486-40cf-8252-11568f39eb66'),
 ('59', '2', '1', '1', 'en_us', '40', '', '{\"typeId\":\"1\",\"authorId\":null,\"title\":\"Home\",\"slug\":\"homepage\",\"postDate\":1439414791,\"expiryDate\":null,\"enabled\":1,\"fields\":{\"62\":{\"34\":{\"type\":\"hero\",\"enabled\":\"1\",\"fields\":{\"tagline\":\"At AppDirect, you\\u2019ll build technology that helps millions of businesses become more successful, every day.\",\"primaryButton\":{\"type\":\"custom\",\"email\":\"\",\"tel\":\"\",\"custom\":\"http:\\/\\/www.google.com\",\"entry\":\"\",\"asset\":\"\",\"category\":\"\",\"text\":\"See Job Openings\"},\"secondaryButton\":{\"type\":\"custom\",\"email\":\"\",\"tel\":\"\",\"custom\":\"http:\\/\\/www.google.com\",\"entry\":\"\",\"asset\":\"\",\"category\":\"\",\"text\":\"Watch Video\"},\"introText\":\"Technology that helps them discover the software tools that develop- ers and individuals (like you) are building for exciting industries all over the globe. Come disrupt how software is discovered and consumed with talented, but humble people from every walk of life.\",\"label\":\"\",\"backgroundImage\":[\"5\"],\"textColumns\":\"seven\",\"textBackground\":\"light\"}},\"41\":{\"type\":\"halfWidthPicture\",\"enabled\":\"1\",\"fields\":{\"label\":\"What We Do\",\"headline\":\"We\\u2019re a commerce platform for finding, buying and selling cloud software.\",\"description\":\"Fusce dapibus, tellus ac cursus commodo, tortor mauris condi- mentum nibh, ut fermentum massa justo sit amet risus. Integer posuere erat a ante venenatis dapibus posuere velit aliquet. Cum sociis natoque penatibus et magnis dis parturient montes, nascetur ridiculus mus. Nulla vitae elit libero.\",\"learnmore\":{\"type\":\"custom\",\"email\":\"\",\"tel\":\"\",\"custom\":\"http:\\/\\/www.appdirect.com\",\"entry\":\"\",\"asset\":\"\",\"category\":\"\",\"text\":\"Learn More\"},\"illustration\":[\"53\"],\"pictureSide\":\"left\",\"textBackground\":\"light\",\"image\":\"\",\"scrollID\":\"whatwedo\"}},\"49\":{\"type\":\"videoThreeUp\",\"enabled\":\"1\",\"fields\":{\"videos\":[\"48\",\"46\",\"47\"]}},\"44\":{\"type\":\"values\",\"enabled\":\"1\",\"fields\":{\"values\":\"\"}},\"45\":{\"type\":\"halfWidthPicture\",\"enabled\":\"1\",\"fields\":{\"label\":\"Teams\",\"headline\":\"Duis mollis, est commodo luctus, nisi erat porttitor ligula, eget lacinia odio sem nec elit. Cum sociis natoque magnis parturient montes.\",\"description\":\" Fusce dapibus, tellus ac cursus commodo, tortor mauris condi- mentum nibh, ut fermentum massa justo sit amet risus. Integer posuere erat a ante venenatis dapibus posuere velit aliquet. Cum sociis natoque penatibus et magnis dis parturient montes, nasce- tur ridiculus mus nulla vitae elit libero.\",\"learnmore\":{\"type\":\"\",\"email\":\"\",\"tel\":\"\",\"custom\":\"\",\"entry\":\"\",\"asset\":\"\",\"category\":\"\",\"text\":\"\"},\"illustration\":\"\",\"pictureSide\":\"right\",\"textBackground\":\"dark\",\"image\":[\"57\"],\"scrollID\":\"teams\"}},\"59\":{\"type\":\"col5colSplit\",\"enabled\":\"1\",\"fields\":{\"label\":\"Perks\",\"headline\":\"At AppDirect, we strive to create a work environment where team members are motivated to amplify our culture.\",\"description\":\"In addition to a competitive benefits package, we offer wellness programs, catered meals, fully-stocked kitchens and regular sponsored events. Out beautiful and newly renovated office spaces create a relaxed, open atmosphere where you can easily collaborate with colleagues, or find space for solo contemplation.\",\"learnmore\":{\"type\":\"\",\"email\":\"\",\"tel\":\"\",\"custom\":\"\",\"entry\":\"\",\"asset\":\"\",\"category\":\"\"},\"picture\":[\"58\"],\"pictureSide\":\"left\",\"textBackground\":\"light\",\"whichSideIs7Columns\":\"text\",\"scrollID\":\"perks\"}},\"61\":{\"type\":\"fullWidthImage\",\"enabled\":\"1\",\"fields\":{\"label\":\"Locations\",\"headline\":\"We are headquartered in San Francisco, with satellite offices in Montreal, Canada, and Munich, Germany.\",\"description\":\"And we continue to grow, helping businesses harness the power of cloud software around the world\\u2014in the Americas, in Europe, and in Asia. At AppDirect we are building a company not just with global reach, but with global presence.  \",\"learnmore\":{\"type\":\"\",\"email\":\"\",\"tel\":\"\",\"custom\":\"\",\"entry\":\"\",\"asset\":\"\",\"category\":\"\",\"text\":\"\"},\"image\":[\"60\"],\"copySide\":\"left\",\"textBackground\":\"dark\",\"scrollID\":\"locations\"}},\"42\":{\"type\":\"jobsTable\",\"enabled\":\"1\",\"fields\":{\"jobsHeadline\":\"Duis mollis, est non commodo luctus, nisi erat porttitor ligula, eget lacinia odio elit. Cum sociis natoque penatibus magnis parturient.\",\"scrollID\":\"jobs\"}}}}}', '2015-12-22 23:17:45', '2015-12-22 23:17:45', '7d38cf39-8774-43a9-92fe-a5e0da3c1403'),
 ('60', '2', '1', '1', 'en_us', '41', '', '{\"typeId\":\"1\",\"authorId\":null,\"title\":\"Home\",\"slug\":\"homepage\",\"postDate\":1439414791,\"expiryDate\":null,\"enabled\":1,\"fields\":{\"62\":{\"34\":{\"type\":\"hero\",\"enabled\":\"1\",\"fields\":{\"tagline\":\"At AppDirect, you\\u2019ll build technology that helps millions of businesses become more successful, every day.\",\"primaryButton\":{\"type\":\"custom\",\"email\":\"\",\"tel\":\"\",\"custom\":\"http:\\/\\/www.google.com\",\"entry\":\"\",\"asset\":\"\",\"category\":\"\",\"text\":\"See Job Openings\"},\"secondaryButton\":{\"type\":\"custom\",\"email\":\"\",\"tel\":\"\",\"custom\":\"http:\\/\\/www.google.com\",\"entry\":\"\",\"asset\":\"\",\"category\":\"\",\"text\":\"Watch Video\"},\"introText\":\"Technology that helps them discover the software tools that develop- ers and individuals (like you) are building for exciting industries all over the globe. Come disrupt how software is discovered and consumed with talented, but humble people from every walk of life.\",\"label\":\"\",\"backgroundImage\":[\"5\"],\"textColumns\":\"seven\",\"textBackground\":\"light\"}},\"41\":{\"type\":\"halfWidthPicture\",\"enabled\":\"1\",\"fields\":{\"label\":\"What We Do\",\"headline\":\"We\\u2019re a commerce platform for finding, buying and selling cloud software.\",\"description\":\"Fusce dapibus, tellus ac cursus commodo, tortor mauris condi- mentum nibh, ut fermentum massa justo sit amet risus. Integer posuere erat a ante venenatis dapibus posuere velit aliquet. Cum sociis natoque penatibus et magnis dis parturient montes, nascetur ridiculus mus. Nulla vitae elit libero.\",\"learnmore\":{\"type\":\"custom\",\"email\":\"\",\"tel\":\"\",\"custom\":\"http:\\/\\/www.appdirect.com\",\"entry\":\"\",\"asset\":\"\",\"category\":\"\",\"text\":\"Learn More\"},\"illustration\":[\"53\"],\"pictureSide\":\"left\",\"textBackground\":\"light\",\"image\":\"\",\"scrollID\":\"whatwedo\"}},\"49\":{\"type\":\"videoThreeUp\",\"enabled\":\"1\",\"fields\":{\"videos\":[\"48\",\"46\",\"47\"],\"scrollID\":\"\"}},\"44\":{\"type\":\"values\",\"enabled\":\"1\",\"fields\":{\"values\":\"\"}},\"45\":{\"type\":\"halfWidthPicture\",\"enabled\":\"1\",\"fields\":{\"label\":\"Teams\",\"headline\":\"Duis mollis, est commodo luctus, nisi erat porttitor ligula, eget lacinia odio sem nec elit. Cum sociis natoque magnis parturient montes.\",\"description\":\" Fusce dapibus, tellus ac cursus commodo, tortor mauris condi- mentum nibh, ut fermentum massa justo sit amet risus. Integer posuere erat a ante venenatis dapibus posuere velit aliquet. Cum sociis natoque penatibus et magnis dis parturient montes, nasce- tur ridiculus mus nulla vitae elit libero.\",\"learnmore\":{\"type\":\"\",\"email\":\"\",\"tel\":\"\",\"custom\":\"\",\"entry\":\"\",\"asset\":\"\",\"category\":\"\",\"text\":\"\"},\"illustration\":\"\",\"pictureSide\":\"right\",\"textBackground\":\"dark\",\"image\":[\"57\"],\"scrollID\":\"teams\"}},\"59\":{\"type\":\"col5colSplit\",\"enabled\":\"1\",\"fields\":{\"label\":\"Perks\",\"headline\":\"At AppDirect, we strive to create a work environment where team members are motivated to amplify our culture.\",\"description\":\"In addition to a competitive benefits package, we offer wellness programs, catered meals, fully-stocked kitchens and regular sponsored events. Out beautiful and newly renovated office spaces create a relaxed, open atmosphere where you can easily collaborate with colleagues, or find space for solo contemplation.\",\"learnmore\":{\"type\":\"\",\"email\":\"\",\"tel\":\"\",\"custom\":\"\",\"entry\":\"\",\"asset\":\"\",\"category\":\"\"},\"picture\":[\"58\"],\"pictureSide\":\"left\",\"textBackground\":\"light\",\"whichSideIs7Columns\":\"text\",\"scrollID\":\"perks\"}},\"61\":{\"type\":\"fullWidthImage\",\"enabled\":\"1\",\"fields\":{\"label\":\"Locations\",\"headline\":\"We are headquartered in San Francisco, with satellite offices in Montreal, Canada, and Munich, Germany.\",\"description\":\"And we continue to grow, helping businesses harness the power of cloud software around the world\\u2014in the Americas, in Europe, and in Asia. At AppDirect we are building a company not just with global reach, but with global presence.  \",\"learnmore\":{\"type\":\"\",\"email\":\"\",\"tel\":\"\",\"custom\":\"\",\"entry\":\"\",\"asset\":\"\",\"category\":\"\",\"text\":\"\"},\"image\":[\"60\"],\"copySide\":\"left\",\"textBackground\":\"dark\",\"scrollID\":\"locations\"}},\"new1\":{\"type\":\"iconThreeUp\",\"enabled\":\"1\",\"fields\":{\"locationIllustrations1\":[\"63\"],\"locationIllustrations2\":[\"64\"],\"locationIllustrations3\":[\"65\"]}},\"42\":{\"type\":\"jobsTable\",\"enabled\":\"1\",\"fields\":{\"jobsHeadline\":\"Duis mollis, est non commodo luctus, nisi erat porttitor ligula, eget lacinia odio elit. Cum sociis natoque penatibus magnis parturient.\",\"scrollID\":\"jobs\"}}}}}', '2015-12-23 00:15:12', '2015-12-23 00:15:12', 'bef68bc0-9b18-4b02-81ef-b257c3f6d4fc'),
 ('61', '2', '1', '1', 'en_us', '42', '', '{\"typeId\":\"1\",\"authorId\":null,\"title\":\"Home\",\"slug\":\"homepage\",\"postDate\":1439414791,\"expiryDate\":null,\"enabled\":1,\"fields\":{\"62\":{\"34\":{\"type\":\"hero\",\"enabled\":\"1\",\"fields\":{\"tagline\":\"At AppDirect, you\\u2019ll build technology that helps millions of businesses become more successful, every day.\",\"primaryButton\":{\"type\":\"custom\",\"email\":\"\",\"tel\":\"\",\"custom\":\"http:\\/\\/www.google.com\",\"entry\":\"\",\"asset\":\"\",\"category\":\"\",\"text\":\"See Job Openings\"},\"secondaryButton\":{\"type\":\"custom\",\"email\":\"\",\"tel\":\"\",\"custom\":\"http:\\/\\/www.google.com\",\"entry\":\"\",\"asset\":\"\",\"category\":\"\",\"text\":\"Watch Video\"},\"introText\":\"Technology that helps them discover the software tools that develop- ers and individuals (like you) are building for exciting industries all over the globe. Come disrupt how software is discovered and consumed with talented, but humble people from every walk of life.\",\"label\":\"\",\"backgroundImage\":[\"5\"],\"textColumns\":\"seven\",\"textBackground\":\"light\"}},\"41\":{\"type\":\"halfWidthPicture\",\"enabled\":\"1\",\"fields\":{\"label\":\"What We Do\",\"headline\":\"We\\u2019re a commerce platform for finding, buying and selling cloud software.\",\"description\":\"Fusce dapibus, tellus ac cursus commodo, tortor mauris condi- mentum nibh, ut fermentum massa justo sit amet risus. Integer posuere erat a ante venenatis dapibus posuere velit aliquet. Cum sociis natoque penatibus et magnis dis parturient montes, nascetur ridiculus mus. Nulla vitae elit libero.\",\"learnmore\":{\"type\":\"custom\",\"email\":\"\",\"tel\":\"\",\"custom\":\"http:\\/\\/www.appdirect.com\",\"entry\":\"\",\"asset\":\"\",\"category\":\"\",\"text\":\"Learn More\"},\"illustration\":[\"53\"],\"pictureSide\":\"left\",\"textBackground\":\"light\",\"image\":\"\",\"scrollID\":\"whatwedo\"}},\"49\":{\"type\":\"videoThreeUp\",\"enabled\":\"1\",\"fields\":{\"videos\":[\"48\",\"46\",\"47\"],\"scrollID\":\"\"}},\"44\":{\"type\":\"values\",\"enabled\":\"1\",\"fields\":{\"values\":\"\"}},\"45\":{\"type\":\"halfWidthPicture\",\"enabled\":\"1\",\"fields\":{\"label\":\"Teams\",\"headline\":\"Duis mollis, est commodo luctus, nisi erat porttitor ligula, eget lacinia odio sem nec elit. Cum sociis natoque magnis parturient montes.\",\"description\":\" Fusce dapibus, tellus ac cursus commodo, tortor mauris condi- mentum nibh, ut fermentum massa justo sit amet risus. Integer posuere erat a ante venenatis dapibus posuere velit aliquet. Cum sociis natoque penatibus et magnis dis parturient montes, nasce- tur ridiculus mus nulla vitae elit libero.\",\"learnmore\":{\"type\":\"\",\"email\":\"\",\"tel\":\"\",\"custom\":\"\",\"entry\":\"\",\"asset\":\"\",\"category\":\"\",\"text\":\"\"},\"illustration\":\"\",\"pictureSide\":\"right\",\"textBackground\":\"dark\",\"image\":[\"57\"],\"scrollID\":\"teams\"}},\"59\":{\"type\":\"col5colSplit\",\"enabled\":\"1\",\"fields\":{\"label\":\"Perks\",\"headline\":\"At AppDirect, we strive to create a work environment where team members are motivated to amplify our culture.\",\"description\":\"In addition to a competitive benefits package, we offer wellness programs, catered meals, fully-stocked kitchens and regular sponsored events. Out beautiful and newly renovated office spaces create a relaxed, open atmosphere where you can easily collaborate with colleagues, or find space for solo contemplation.\",\"learnmore\":{\"type\":\"\",\"email\":\"\",\"tel\":\"\",\"custom\":\"\",\"entry\":\"\",\"asset\":\"\",\"category\":\"\"},\"picture\":[\"58\"],\"pictureSide\":\"left\",\"textBackground\":\"light\",\"whichSideIs7Columns\":\"text\",\"scrollID\":\"perks\"}},\"61\":{\"type\":\"fullWidthImage\",\"enabled\":\"1\",\"fields\":{\"label\":\"Locations\",\"headline\":\"We are headquartered in San Francisco, with satellite offices in Montreal, Canada, and Munich, Germany.\",\"description\":\"And we continue to grow, helping businesses harness the power of cloud software around the world\\u2014in the Americas, in Europe, and in Asia. At AppDirect we are building a company not just with global reach, but with global presence.  \",\"learnmore\":{\"type\":\"\",\"email\":\"\",\"tel\":\"\",\"custom\":\"\",\"entry\":\"\",\"asset\":\"\",\"category\":\"\",\"text\":\"\"},\"image\":[\"60\"],\"copySide\":\"left\",\"textBackground\":\"dark\",\"scrollID\":\"locations\"}},\"66\":{\"type\":\"iconThreeUp\",\"enabled\":\"1\",\"fields\":{\"locationIllustrations1\":[\"63\"],\"locationIllustrations2\":[\"64\"],\"locationIllustrations3\":[\"65\"]}},\"42\":{\"type\":\"jobsTable\",\"enabled\":\"1\",\"fields\":{\"jobsHeadline\":\"Duis mollis, est non commodo luctus, nisi erat porttitor ligula, eget lacinia odio elit. Cum sociis natoque penatibus magnis parturient.\",\"scrollID\":\"jobs\"}},\"new1\":{\"type\":\"values\",\"enabled\":\"1\",\"fields\":{\"values\":\"\"}}}}}', '2015-12-23 00:54:23', '2015-12-23 00:54:23', 'b9974f9d-c4f0-4244-9727-8ccbc4a303ce'),
 ('62', '2', '1', '1', 'en_us', '43', '', '{\"typeId\":\"1\",\"authorId\":null,\"title\":\"Home\",\"slug\":\"homepage\",\"postDate\":1439414791,\"expiryDate\":null,\"enabled\":1,\"fields\":{\"62\":{\"34\":{\"type\":\"hero\",\"enabled\":\"1\",\"fields\":{\"tagline\":\"At AppDirect, you\\u2019ll build technology that helps millions of businesses become more successful, every day.\",\"primaryButton\":{\"type\":\"custom\",\"email\":\"\",\"tel\":\"\",\"custom\":\"http:\\/\\/www.google.com\",\"entry\":\"\",\"asset\":\"\",\"category\":\"\",\"text\":\"See Job Openings\"},\"secondaryButton\":{\"type\":\"custom\",\"email\":\"\",\"tel\":\"\",\"custom\":\"http:\\/\\/www.google.com\",\"entry\":\"\",\"asset\":\"\",\"category\":\"\",\"text\":\"Watch Video\"},\"introText\":\"Technology that helps them discover the software tools that develop- ers and individuals (like you) are building for exciting industries all over the globe. Come disrupt how software is discovered and consumed with talented, but humble people from every walk of life.\",\"label\":\"\",\"backgroundImage\":[\"5\"],\"textColumns\":\"seven\",\"textBackground\":\"light\"}},\"41\":{\"type\":\"halfWidthPicture\",\"enabled\":\"1\",\"fields\":{\"label\":\"What We Do\",\"headline\":\"We\\u2019re a commerce platform for finding, buying and selling cloud software.\",\"description\":\"Fusce dapibus, tellus ac cursus commodo, tortor mauris condi- mentum nibh, ut fermentum massa justo sit amet risus. Integer posuere erat a ante venenatis dapibus posuere velit aliquet. Cum sociis natoque penatibus et magnis dis parturient montes, nascetur ridiculus mus. Nulla vitae elit libero.\",\"learnmore\":{\"type\":\"custom\",\"email\":\"\",\"tel\":\"\",\"custom\":\"http:\\/\\/www.appdirect.com\",\"entry\":\"\",\"asset\":\"\",\"category\":\"\",\"text\":\"Learn More\"},\"illustration\":[\"53\"],\"pictureSide\":\"left\",\"textBackground\":\"light\",\"image\":\"\",\"scrollID\":\"whatwedo\"}},\"49\":{\"type\":\"videoThreeUp\",\"enabled\":\"1\",\"fields\":{\"videos\":[\"48\",\"46\",\"47\"],\"scrollID\":\"\"}},\"45\":{\"type\":\"halfWidthPicture\",\"enabled\":\"1\",\"fields\":{\"label\":\"Teams\",\"headline\":\"Duis mollis, est commodo luctus, nisi erat porttitor ligula, eget lacinia odio sem nec elit. Cum sociis natoque magnis parturient montes.\",\"description\":\" Fusce dapibus, tellus ac cursus commodo, tortor mauris condi- mentum nibh, ut fermentum massa justo sit amet risus. Integer posuere erat a ante venenatis dapibus posuere velit aliquet. Cum sociis natoque penatibus et magnis dis parturient montes, nasce- tur ridiculus mus nulla vitae elit libero.\",\"learnmore\":{\"type\":\"\",\"email\":\"\",\"tel\":\"\",\"custom\":\"\",\"entry\":\"\",\"asset\":\"\",\"category\":\"\",\"text\":\"\"},\"illustration\":\"\",\"pictureSide\":\"right\",\"textBackground\":\"dark\",\"image\":[\"57\"],\"scrollID\":\"teams\"}},\"59\":{\"type\":\"col5colSplit\",\"enabled\":\"1\",\"fields\":{\"label\":\"Perks\",\"headline\":\"At AppDirect, we strive to create a work environment where team members are motivated to amplify our culture.\",\"description\":\"In addition to a competitive benefits package, we offer wellness programs, catered meals, fully-stocked kitchens and regular sponsored events. Out beautiful and newly renovated office spaces create a relaxed, open atmosphere where you can easily collaborate with colleagues, or find space for solo contemplation.\",\"learnmore\":{\"type\":\"\",\"email\":\"\",\"tel\":\"\",\"custom\":\"\",\"entry\":\"\",\"asset\":\"\",\"category\":\"\"},\"picture\":[\"58\"],\"pictureSide\":\"left\",\"textBackground\":\"light\",\"whichSideIs7Columns\":\"text\",\"scrollID\":\"perks\"}},\"61\":{\"type\":\"fullWidthImage\",\"enabled\":\"1\",\"fields\":{\"label\":\"Locations\",\"headline\":\"We are headquartered in San Francisco, with satellite offices in Montreal, Canada, and Munich, Germany.\",\"description\":\"And we continue to grow, helping businesses harness the power of cloud software around the world\\u2014in the Americas, in Europe, and in Asia. At AppDirect we are building a company not just with global reach, but with global presence.  \",\"learnmore\":{\"type\":\"\",\"email\":\"\",\"tel\":\"\",\"custom\":\"\",\"entry\":\"\",\"asset\":\"\",\"category\":\"\",\"text\":\"\"},\"image\":[\"60\"],\"copySide\":\"left\",\"textBackground\":\"dark\",\"scrollID\":\"locations\"}},\"66\":{\"type\":\"iconThreeUp\",\"enabled\":\"1\",\"fields\":{\"locationIllustrations1\":[\"63\"],\"locationIllustrations2\":[\"64\"],\"locationIllustrations3\":[\"65\"]}},\"42\":{\"type\":\"jobsTable\",\"enabled\":\"1\",\"fields\":{\"jobsHeadline\":\"Duis mollis, est non commodo luctus, nisi erat porttitor ligula, eget lacinia odio elit. Cum sociis natoque penatibus magnis parturient.\",\"scrollID\":\"jobs\"}},\"67\":{\"type\":\"values\",\"enabled\":\"1\",\"fields\":{\"values\":\"\"}}}}}', '2015-12-23 00:56:23', '2015-12-23 00:56:23', '0d9268d0-1968-450c-9ba0-2aa3b7374f3b'),
 ('63', '2', '1', '1', 'en_us', '44', '', '{\"typeId\":\"1\",\"authorId\":null,\"title\":\"Home\",\"slug\":\"homepage\",\"postDate\":1439414791,\"expiryDate\":null,\"enabled\":1,\"fields\":{\"62\":{\"34\":{\"type\":\"hero\",\"enabled\":\"1\",\"fields\":{\"tagline\":\"At AppDirect, you\\u2019ll build technology that helps millions of businesses become more successful, every day.\",\"primaryButton\":{\"type\":\"custom\",\"email\":\"\",\"tel\":\"\",\"custom\":\"http:\\/\\/www.google.com\",\"entry\":\"\",\"asset\":\"\",\"category\":\"\",\"text\":\"See Job Openings\"},\"secondaryButton\":{\"type\":\"custom\",\"email\":\"\",\"tel\":\"\",\"custom\":\"http:\\/\\/www.google.com\",\"entry\":\"\",\"asset\":\"\",\"category\":\"\",\"text\":\"Watch Video\"},\"introText\":\"Technology that helps them discover the software tools that develop- ers and individuals (like you) are building for exciting industries all over the globe. Come disrupt how software is discovered and consumed with talented, but humble people from every walk of life.\",\"label\":\"\",\"backgroundImage\":[\"5\"],\"textColumns\":\"seven\",\"textBackground\":\"light\"}},\"41\":{\"type\":\"halfWidthPicture\",\"enabled\":\"1\",\"fields\":{\"label\":\"What We Do\",\"headline\":\"We\\u2019re a commerce platform for finding, buying and selling cloud software.\",\"description\":\"Fusce dapibus, tellus ac cursus commodo, tortor mauris condi- mentum nibh, ut fermentum massa justo sit amet risus. Integer posuere erat a ante venenatis dapibus posuere velit aliquet. Cum sociis natoque penatibus et magnis dis parturient montes, nascetur ridiculus mus. Nulla vitae elit libero.\",\"learnmore\":{\"type\":\"custom\",\"email\":\"\",\"tel\":\"\",\"custom\":\"http:\\/\\/www.appdirect.com\",\"entry\":\"\",\"asset\":\"\",\"category\":\"\",\"text\":\"Learn More\"},\"illustration\":[\"53\"],\"pictureSide\":\"left\",\"textBackground\":\"light\",\"image\":\"\",\"scrollID\":\"whatwedo\"}},\"49\":{\"type\":\"videoThreeUp\",\"enabled\":\"1\",\"fields\":{\"videos\":[\"48\",\"46\",\"47\"],\"scrollID\":\"\"}},\"67\":{\"type\":\"values\",\"enabled\":\"1\",\"fields\":{\"values\":\"\"}},\"45\":{\"type\":\"halfWidthPicture\",\"enabled\":\"1\",\"fields\":{\"label\":\"Teams\",\"headline\":\"Duis mollis, est commodo luctus, nisi erat porttitor ligula, eget lacinia odio sem nec elit. Cum sociis natoque magnis parturient montes.\",\"description\":\" Fusce dapibus, tellus ac cursus commodo, tortor mauris condi- mentum nibh, ut fermentum massa justo sit amet risus. Integer posuere erat a ante venenatis dapibus posuere velit aliquet. Cum sociis natoque penatibus et magnis dis parturient montes, nasce- tur ridiculus mus nulla vitae elit libero.\",\"learnmore\":{\"type\":\"\",\"email\":\"\",\"tel\":\"\",\"custom\":\"\",\"entry\":\"\",\"asset\":\"\",\"category\":\"\",\"text\":\"\"},\"illustration\":\"\",\"pictureSide\":\"right\",\"textBackground\":\"dark\",\"image\":[\"57\"],\"scrollID\":\"teams\"}},\"59\":{\"type\":\"col5colSplit\",\"enabled\":\"1\",\"fields\":{\"label\":\"Perks\",\"headline\":\"At AppDirect, we strive to create a work environment where team members are motivated to amplify our culture.\",\"description\":\"In addition to a competitive benefits package, we offer wellness programs, catered meals, fully-stocked kitchens and regular sponsored events. Out beautiful and newly renovated office spaces create a relaxed, open atmosphere where you can easily collaborate with colleagues, or find space for solo contemplation.\",\"learnmore\":{\"type\":\"\",\"email\":\"\",\"tel\":\"\",\"custom\":\"\",\"entry\":\"\",\"asset\":\"\",\"category\":\"\"},\"picture\":[\"58\"],\"pictureSide\":\"left\",\"textBackground\":\"light\",\"whichSideIs7Columns\":\"text\",\"scrollID\":\"perks\"}},\"61\":{\"type\":\"fullWidthImage\",\"enabled\":\"1\",\"fields\":{\"label\":\"Locations\",\"headline\":\"We are headquartered in San Francisco, with satellite offices in Montreal, Canada, and Munich, Germany.\",\"description\":\"And we continue to grow, helping businesses harness the power of cloud software around the world\\u2014in the Americas, in Europe, and in Asia. At AppDirect we are building a company not just with global reach, but with global presence.  \",\"learnmore\":{\"type\":\"\",\"email\":\"\",\"tel\":\"\",\"custom\":\"\",\"entry\":\"\",\"asset\":\"\",\"category\":\"\",\"text\":\"\"},\"image\":[\"60\"],\"copySide\":\"left\",\"textBackground\":\"dark\",\"scrollID\":\"locations\"}},\"66\":{\"type\":\"iconThreeUp\",\"enabled\":\"1\",\"fields\":{\"locationIllustrations1\":[\"63\"],\"locationIllustrations2\":[\"64\"],\"locationIllustrations3\":[\"65\"]}},\"42\":{\"type\":\"jobsTable\",\"enabled\":\"1\",\"fields\":{\"jobsHeadline\":\"Duis mollis, est non commodo luctus, nisi erat porttitor ligula, eget lacinia odio elit. Cum sociis natoque penatibus magnis parturient.\",\"scrollID\":\"jobs\"}}}}}', '2015-12-23 01:04:17', '2015-12-23 01:04:17', 'eef9e0ab-6b85-4a6c-9e6d-13fce0916a4e');




DROP TABLE IF EXISTS `craft_fieldgroups`;


--
-- Schema for table `craft_fieldgroups`
--
CREATE TABLE `craft_fieldgroups` (
  `id` int(11) NOT NULL AUTO_INCREMENT,
  `name` varchar(255) COLLATE utf8_unicode_ci NOT NULL,
  `dateCreated` datetime NOT NULL,
  `dateUpdated` datetime NOT NULL,
  `uid` char(36) COLLATE utf8_unicode_ci NOT NULL DEFAULT '0',
  PRIMARY KEY (`id`),
  UNIQUE KEY `craft_fieldgroups_name_unq_idx` (`name`)
) ENGINE=InnoDB AUTO_INCREMENT=7 DEFAULT CHARSET=utf8 COLLATE=utf8_unicode_ci;

--
-- Data for table `craft_fieldgroups`
--

INSERT INTO `craft_fieldgroups` (`id`, `name`, `dateCreated`, `dateUpdated`, `uid`) VALUES
 ('1', 'Default', '2015-08-06 15:34:19', '2015-08-06 15:34:19', '92baba10-4fef-4913-82d7-7478b0b45f91'),
 ('3', 'home', '2015-08-18 22:55:02', '2015-08-18 22:55:02', '410530ac-8ccd-4436-9d9c-d84caa21a404'),
 ('4', 'Jobs', '2015-12-15 16:20:52', '2015-12-15 16:20:52', '35d2b3a6-e1c0-407c-a21e-3bb511d68b60'),
 ('5', 'Videos', '2015-12-16 16:53:36', '2015-12-16 16:53:36', '37e76ef6-2da1-48af-9576-ada003a6bd43'),
 ('6', 'Location Illustrations', '2015-12-22 22:30:23', '2015-12-22 22:30:23', 'e9c18ffe-b640-4b17-bb4f-33145a0fccdd');




DROP TABLE IF EXISTS `craft_fieldlayoutfields`;


--
-- Schema for table `craft_fieldlayoutfields`
--
CREATE TABLE `craft_fieldlayoutfields` (
  `id` int(11) NOT NULL AUTO_INCREMENT,
  `layoutId` int(11) NOT NULL,
  `tabId` int(11) NOT NULL,
  `fieldId` int(11) NOT NULL,
  `required` tinyint(1) unsigned NOT NULL DEFAULT '0',
  `sortOrder` tinyint(4) DEFAULT NULL,
  `dateCreated` datetime NOT NULL,
  `dateUpdated` datetime NOT NULL,
  `uid` char(36) COLLATE utf8_unicode_ci NOT NULL DEFAULT '0',
  PRIMARY KEY (`id`),
  UNIQUE KEY `craft_fieldlayoutfields_layoutId_fieldId_unq_idx` (`layoutId`,`fieldId`),
  KEY `craft_fieldlayoutfields_sortOrder_idx` (`sortOrder`),
  KEY `craft_fieldlayoutfields_tabId_fk` (`tabId`),
  KEY `craft_fieldlayoutfields_fieldId_fk` (`fieldId`)
) ENGINE=InnoDB AUTO_INCREMENT=932 DEFAULT CHARSET=utf8 COLLATE=utf8_unicode_ci;

--
-- Data for table `craft_fieldlayoutfields`
--

INSERT INTO `craft_fieldlayoutfields` (`id`, `layoutId`, `tabId`, `fieldId`, `required`, `sortOrder`, `dateCreated`, `dateUpdated`, `uid`) VALUES
 ('118', '48', '41', '62', '0', '1', '2015-08-25 17:57:08', '2015-08-25 17:57:08', '3c8ab14b-ba19-4f1a-aca4-6e83bcb68e3c'),
 ('122', '50', '43', '62', '0', '1', '2015-08-25 17:59:02', '2015-08-25 17:59:02', '3b50479c-3414-4fcd-b7e0-b943ebba3518'),
 ('126', '53', '45', '62', '0', '1', '2015-08-25 20:07:43', '2015-08-25 20:07:43', '77ece35a-1663-40d0-b0cf-cb139cf4bc8b'),
 ('152', '64', '53', '74', '0', '1', '2015-12-15 16:24:57', '2015-12-15 16:24:57', '79281364-f0e3-4b8c-9946-b8b84fcba556'),
 ('153', '64', '53', '73', '0', '2', '2015-12-15 16:24:57', '2015-12-15 16:24:57', 'd5f7462c-340d-4201-a9c4-44408282b71e'),
 ('154', '64', '53', '75', '0', '3', '2015-12-15 16:24:57', '2015-12-15 16:24:57', 'ece670dd-8543-437e-b5e4-2012bcadc043'),
 ('186', '76', '64', '81', '0', '1', '2015-12-16 16:56:29', '2015-12-16 16:56:29', '532a992e-c855-4d30-a3ce-ac683bba2d3e'),
 ('187', '76', '64', '77', '0', '2', '2015-12-16 16:56:29', '2015-12-16 16:56:29', 'bbd6860c-cc01-4928-be5b-671f2d70c838'),
 ('188', '76', '64', '82', '0', '3', '2015-12-16 16:56:29', '2015-12-16 16:56:29', '1252a0c2-3cc5-4f32-ba21-dd31a539ffa2'),
 ('189', '76', '64', '78', '0', '4', '2015-12-16 16:56:29', '2015-12-16 16:56:29', '30d0aa85-b515-4189-8372-6b08618f1cb6'),
 ('190', '76', '64', '79', '0', '5', '2015-12-16 16:56:29', '2015-12-16 16:56:29', '3dd7ab93-bce0-432d-a415-fd8483e06c48'),
 ('191', '76', '64', '80', '0', '6', '2015-12-16 16:56:29', '2015-12-16 16:56:29', 'afbde9fe-a10c-450b-b834-fd5d65c4a9af'),
 ('890', '244', '231', '63', '0', '1', '2015-12-23 00:14:03', '2015-12-23 00:14:03', '6541b292-4a86-4740-8456-a42a35d74fb8'),
 ('891', '244', '231', '64', '0', '2', '2015-12-23 00:14:03', '2015-12-23 00:14:03', 'be61a4a3-7fdd-438c-a7dc-29d36a1c4440'),
 ('892', '244', '231', '65', '0', '3', '2015-12-23 00:14:03', '2015-12-23 00:14:03', 'd04104ac-5355-4c13-a2f8-b86481851d2d'),
 ('893', '244', '231', '66', '0', '4', '2015-12-23 00:14:03', '2015-12-23 00:14:03', '5a258647-8b3a-4a99-b8ec-339ff657ec3b'),
 ('894', '244', '231', '84', '0', '5', '2015-12-23 00:14:03', '2015-12-23 00:14:03', 'c4faabcb-b70e-4ead-8bf7-9caa02f49786'),
 ('895', '244', '231', '85', '1', '6', '2015-12-23 00:14:03', '2015-12-23 00:14:03', '0b1fd8cd-1140-4624-892e-50ced744819b'),
 ('896', '244', '231', '95', '0', '7', '2015-12-23 00:14:03', '2015-12-23 00:14:03', '1b0d94c7-9340-40c9-89b4-1313458f5dfb'),
 ('897', '244', '231', '96', '0', '8', '2015-12-23 00:14:03', '2015-12-23 00:14:03', '9bdd8ed0-96a1-4165-b655-04a6b36b769c'),
 ('898', '245', '232', '67', '0', '1', '2015-12-23 00:14:03', '2015-12-23 00:14:03', '4eb2671d-0435-4877-9444-11fee0909b50'),
 ('899', '245', '232', '68', '0', '2', '2015-12-23 00:14:03', '2015-12-23 00:14:03', '14c419e8-9d4a-438c-a0c4-aa07dd25181f'),
 ('900', '245', '232', '69', '0', '3', '2015-12-23 00:14:03', '2015-12-23 00:14:03', '67abc790-038f-4c51-9627-385b94e2f100'),
 ('901', '245', '232', '70', '0', '4', '2015-12-23 00:14:03', '2015-12-23 00:14:03', 'e060302d-747b-46ae-8387-4c0755836e45'),
 ('902', '245', '232', '71', '0', '5', '2015-12-23 00:14:03', '2015-12-23 00:14:03', 'a15cf140-5e5b-4fb9-bfbe-41445579f4cc'),
 ('903', '245', '232', '86', '0', '6', '2015-12-23 00:14:03', '2015-12-23 00:14:03', 'ae984479-fff2-4ebd-93f6-ce0e6bd4f1ac'),
 ('904', '245', '232', '97', '0', '7', '2015-12-23 00:14:03', '2015-12-23 00:14:03', '3700d29f-630a-4004-bb19-bd6f2826b7d3'),
 ('905', '245', '232', '105', '0', '8', '2015-12-23 00:14:03', '2015-12-23 00:14:03', '1209d9e9-4165-43c2-854b-2cc772dc370f'),
 ('906', '245', '232', '108', '0', '9', '2015-12-23 00:14:03', '2015-12-23 00:14:03', '97881556-200e-48b8-a8e5-695ca54b6d89'),
 ('907', '246', '233', '72', '1', '1', '2015-12-23 00:14:03', '2015-12-23 00:14:03', 'afb0dd37-1719-45bd-8935-8d1746259264'),
 ('908', '246', '233', '109', '0', '2', '2015-12-23 00:14:03', '2015-12-23 00:14:03', '9bd71c15-7de7-4be3-a4f7-38be94b2df75'),
 ('909', '247', '234', '76', '0', '1', '2015-12-23 00:14:03', '2015-12-23 00:14:03', '32dc8004-fb22-4810-8e7f-165d0d6c6a7c'),
 ('910', '248', '235', '83', '0', '1', '2015-12-23 00:14:03', '2015-12-23 00:14:03', '1bdba0fb-dd69-4ca2-9e68-7982c97a5548'),
 ('911', '248', '235', '112', '0', '2', '2015-12-23 00:14:03', '2015-12-23 00:14:03', 'cc198fea-1354-4c59-b9bc-6f79841b54ec'),
 ('912', '249', '236', '87', '0', '1', '2015-12-23 00:14:03', '2015-12-23 00:14:03', '9d82c95a-0dd3-4b5e-a7f8-faab58f900eb'),
 ('913', '249', '236', '88', '0', '2', '2015-12-23 00:14:03', '2015-12-23 00:14:03', '270fce32-6c3a-4a04-9189-47099f165245'),
 ('914', '249', '236', '89', '0', '3', '2015-12-23 00:14:03', '2015-12-23 00:14:03', '4fe9c51a-c8e2-4bf6-8d41-4d505d971757'),
 ('915', '249', '236', '90', '0', '4', '2015-12-23 00:14:03', '2015-12-23 00:14:03', '8629e17d-962c-40bc-90c9-d91b5567c05c'),
 ('916', '249', '236', '91', '0', '5', '2015-12-23 00:14:03', '2015-12-23 00:14:03', '3fc22f96-ef94-4bac-8efe-dec0f4eaaa76'),
 ('917', '249', '236', '92', '0', '6', '2015-12-23 00:14:03', '2015-12-23 00:14:03', '845794e3-7fd0-47ef-91e3-2762250f0477'),
 ('918', '249', '236', '93', '0', '7', '2015-12-23 00:14:03', '2015-12-23 00:14:03', '010aca20-74e2-4dd6-9b20-66ef47d9e5a4'),
 ('919', '249', '236', '94', '0', '8', '2015-12-23 00:14:03', '2015-12-23 00:14:03', 'd02a0181-5da9-46e3-8da8-cde906701c32'),
 ('920', '249', '236', '110', '0', '9', '2015-12-23 00:14:03', '2015-12-23 00:14:03', 'f555fece-a85a-4c45-bd56-09e12e60d71d'),
 ('921', '250', '237', '98', '0', '1', '2015-12-23 00:14:03', '2015-12-23 00:14:03', 'cf2f4ebd-ebab-4c51-9fa2-dadab671c907'),
 ('922', '250', '237', '99', '0', '2', '2015-12-23 00:14:03', '2015-12-23 00:14:03', '9357bae6-9843-4270-af23-d433ad68c200'),
 ('923', '250', '237', '100', '0', '3', '2015-12-23 00:14:03', '2015-12-23 00:14:03', '57e6bc96-f54d-436e-b149-566dd823fbab'),
 ('924', '250', '237', '101', '0', '4', '2015-12-23 00:14:03', '2015-12-23 00:14:03', '609b8f07-25ff-44a8-84ef-84655841748a'),
 ('925', '250', '237', '102', '0', '5', '2015-12-23 00:14:03', '2015-12-23 00:14:03', 'd2025854-ac27-4579-9ad4-73a24bce1c5b'),
 ('926', '250', '237', '103', '0', '6', '2015-12-23 00:14:03', '2015-12-23 00:14:03', '0611b6cf-2fa4-49c0-8969-f6d6913f0293'),
 ('927', '250', '237', '104', '0', '7', '2015-12-23 00:14:03', '2015-12-23 00:14:03', '5620c58b-d6da-48d8-ba5b-b996f6da0176'),
 ('928', '250', '237', '111', '0', '8', '2015-12-23 00:14:03', '2015-12-23 00:14:03', 'a206fd21-8cbe-4602-829a-5d40d4f38854'),
 ('929', '251', '238', '106', '0', '1', '2015-12-23 00:14:03', '2015-12-23 00:14:03', '59877cc6-36fc-4120-a5bf-1cbc6903a272'),
 ('930', '251', '238', '113', '0', '2', '2015-12-23 00:14:03', '2015-12-23 00:14:03', 'f0592571-6655-4230-b65f-8debd582906f'),
 ('931', '251', '238', '114', '0', '3', '2015-12-23 00:14:03', '2015-12-23 00:14:03', '669b3f3a-37a6-4ac4-94c5-cc801ece572c');




DROP TABLE IF EXISTS `craft_fieldlayouts`;


--
-- Schema for table `craft_fieldlayouts`
--
CREATE TABLE `craft_fieldlayouts` (
  `id` int(11) NOT NULL AUTO_INCREMENT,
  `type` varchar(150) COLLATE utf8_unicode_ci NOT NULL,
  `dateCreated` datetime NOT NULL,
  `dateUpdated` datetime NOT NULL,
  `uid` char(36) COLLATE utf8_unicode_ci NOT NULL DEFAULT '0',
  PRIMARY KEY (`id`),
  KEY `craft_fieldlayouts_type_idx` (`type`)
) ENGINE=InnoDB AUTO_INCREMENT=252 DEFAULT CHARSET=utf8 COLLATE=utf8_unicode_ci;

--
-- Data for table `craft_fieldlayouts`
--

INSERT INTO `craft_fieldlayouts` (`id`, `type`, `dateCreated`, `dateUpdated`, `uid`) VALUES
 ('1', 'Tag', '2015-08-06 15:34:19', '2015-08-06 15:34:19', '6777240c-7d9c-4185-9da8-df8087b5294a'),
 ('5', 'Entry', '2015-08-06 15:34:19', '2015-08-06 15:34:19', '413d3869-2af5-4da9-ab4c-250f24e834cf'),
 ('14', 'Asset', '2015-08-17 18:32:22', '2015-08-17 18:32:22', '65203ce0-b3ee-438b-9a74-c2bec3cfdfd2'),
 ('25', 'Entry', '2015-08-17 21:18:57', '2015-08-17 21:18:57', 'a1244dd9-7677-45e3-9e77-fbe4e8d01abb'),
 ('36', 'Entry', '2015-08-17 22:55:36', '2015-08-17 22:55:36', '0f05e278-b67e-43cb-9f08-7280af85e4be'),
 ('48', 'Entry', '2015-08-25 17:57:08', '2015-08-25 17:57:08', '7fb9b3c6-0ffc-4fad-a87e-759771af6e62'),
 ('50', 'Entry', '2015-08-25 17:59:02', '2015-08-25 17:59:02', '9ef8b71f-a9e9-42b4-9e5e-da37c00d45a0'),
 ('53', 'Entry', '2015-08-25 20:07:43', '2015-08-25 20:07:43', '673b94b5-721d-4b9b-938a-d8376c90fd17'),
 ('62', 'Category', '2015-12-15 16:21:38', '2015-12-15 16:21:38', '1ab9c01c-4309-4ecd-82e3-a402f1c1bdd0'),
 ('64', 'Entry', '2015-12-15 16:24:57', '2015-12-15 16:24:57', '53a852d1-549f-4d05-9e89-dee1807b1a0f'),
 ('76', 'Entry', '2015-12-16 16:56:29', '2015-12-16 16:56:29', 'b0162416-eb11-490b-89b6-0a09956a71eb'),
 ('179', 'Entry', '2015-12-22 22:27:28', '2015-12-22 22:27:28', '3e570946-26a9-4b10-9ba4-4e5e5f975637'),
 ('244', 'MatrixBlock', '2015-12-23 00:14:02', '2015-12-23 00:14:02', 'bcc89e6f-6f37-4d4d-acb4-d0bad82b7a89'),
 ('245', 'MatrixBlock', '2015-12-23 00:14:03', '2015-12-23 00:14:03', 'ec91a3e3-1e90-4871-b794-2397ad9dcf2b'),
 ('246', 'MatrixBlock', '2015-12-23 00:14:03', '2015-12-23 00:14:03', 'ae479837-ef67-40de-a7d0-8d3dcb85d91f'),
 ('247', 'MatrixBlock', '2015-12-23 00:14:03', '2015-12-23 00:14:03', 'efaf7583-d831-4327-b673-051d8eb5fc50'),
 ('248', 'MatrixBlock', '2015-12-23 00:14:03', '2015-12-23 00:14:03', 'e589e287-1c61-4902-8134-1c4c1a2d90c9'),
 ('249', 'MatrixBlock', '2015-12-23 00:14:03', '2015-12-23 00:14:03', '0569d7fd-453b-4de1-a730-bc64a699abcc'),
 ('250', 'MatrixBlock', '2015-12-23 00:14:03', '2015-12-23 00:14:03', '5e156b6a-c73e-473b-9cef-20480f006faf'),
 ('251', 'MatrixBlock', '2015-12-23 00:14:03', '2015-12-23 00:14:03', 'b06d1a51-80a3-4736-ad5e-12dc5fd29fc3');




DROP TABLE IF EXISTS `craft_fieldlayouttabs`;


--
-- Schema for table `craft_fieldlayouttabs`
--
CREATE TABLE `craft_fieldlayouttabs` (
  `id` int(11) NOT NULL AUTO_INCREMENT,
  `layoutId` int(11) NOT NULL,
  `name` varchar(255) COLLATE utf8_unicode_ci NOT NULL,
  `sortOrder` tinyint(4) DEFAULT NULL,
  `dateCreated` datetime NOT NULL,
  `dateUpdated` datetime NOT NULL,
  `uid` char(36) COLLATE utf8_unicode_ci NOT NULL DEFAULT '0',
  PRIMARY KEY (`id`),
  KEY `craft_fieldlayouttabs_sortOrder_idx` (`sortOrder`),
  KEY `craft_fieldlayouttabs_layoutId_fk` (`layoutId`)
) ENGINE=InnoDB AUTO_INCREMENT=239 DEFAULT CHARSET=utf8 COLLATE=utf8_unicode_ci;

--
-- Data for table `craft_fieldlayouttabs`
--

INSERT INTO `craft_fieldlayouttabs` (`id`, `layoutId`, `name`, `sortOrder`, `dateCreated`, `dateUpdated`, `uid`) VALUES
 ('2', '5', 'Content', '1', '2015-08-06 15:34:19', '2015-08-06 15:34:19', '72678388-fca1-407e-8360-d955af1af397'),
 ('30', '36', 'Tab 1', '1', '2015-08-17 22:55:36', '2015-08-17 22:55:36', '2598787a-8714-4d3f-bf83-5f2826156934'),
 ('41', '48', 'Tab 1', '1', '2015-08-25 17:57:08', '2015-08-25 17:57:08', '911a0540-265f-4865-9082-38f35e65b6fc'),
 ('43', '50', 'Content', '1', '2015-08-25 17:59:02', '2015-08-25 17:59:02', 'f5ad8b6c-4540-4e66-abf3-6a19660ecc4a'),
 ('45', '53', 'Tab 1', '1', '2015-08-25 20:07:43', '2015-08-25 20:07:43', '0554a09d-5fd3-4e15-b489-45b031463389'),
 ('53', '64', 'Jobs', '1', '2015-12-15 16:24:57', '2015-12-15 16:24:57', 'd63b15af-aa0b-42d6-b3d1-87950523c411'),
 ('64', '76', 'Videos', '1', '2015-12-16 16:56:29', '2015-12-16 16:56:29', '43cedd2b-0e9e-4269-96a3-55d615699b64'),
 ('231', '244', 'Content', '1', '2015-12-23 00:14:02', '2015-12-23 00:14:02', '53c2043e-fe4b-4bea-a094-b4c03ed3dcf5'),
 ('232', '245', 'Content', '1', '2015-12-23 00:14:03', '2015-12-23 00:14:03', '46906fe3-d9b4-4f03-a39f-0e9c70944dd6'),
 ('233', '246', 'Content', '1', '2015-12-23 00:14:03', '2015-12-23 00:14:03', '9297b542-44cf-4f10-add5-c73d22507e7d'),
 ('234', '247', 'Content', '1', '2015-12-23 00:14:03', '2015-12-23 00:14:03', '2ff3b844-d167-4eb9-a22b-fb6471924b26'),
 ('235', '248', 'Content', '1', '2015-12-23 00:14:03', '2015-12-23 00:14:03', '0319aba4-3225-429b-a395-ef7c1e78bca5'),
 ('236', '249', 'Content', '1', '2015-12-23 00:14:03', '2015-12-23 00:14:03', '1b555596-7d56-4907-9af2-f55138f7fedc'),
 ('237', '250', 'Content', '1', '2015-12-23 00:14:03', '2015-12-23 00:14:03', 'acdf231f-f2f6-4d94-be2d-bc7253c32a58'),
 ('238', '251', 'Content', '1', '2015-12-23 00:14:03', '2015-12-23 00:14:03', '3e867d61-5786-4bfb-9b75-fa962ca35d3b');




DROP TABLE IF EXISTS `craft_fields`;


--
-- Schema for table `craft_fields`
--
CREATE TABLE `craft_fields` (
  `id` int(11) NOT NULL AUTO_INCREMENT,
  `groupId` int(11) DEFAULT NULL,
  `name` varchar(255) COLLATE utf8_unicode_ci NOT NULL,
  `handle` varchar(58) COLLATE utf8_unicode_ci NOT NULL,
  `context` varchar(255) COLLATE utf8_unicode_ci NOT NULL DEFAULT 'global',
  `instructions` text COLLATE utf8_unicode_ci,
  `translatable` tinyint(1) unsigned NOT NULL DEFAULT '0',
  `type` varchar(150) COLLATE utf8_unicode_ci NOT NULL,
  `settings` text COLLATE utf8_unicode_ci,
  `dateCreated` datetime NOT NULL,
  `dateUpdated` datetime NOT NULL,
  `uid` char(36) COLLATE utf8_unicode_ci NOT NULL DEFAULT '0',
  PRIMARY KEY (`id`),
  UNIQUE KEY `craft_fields_handle_context_unq_idx` (`handle`,`context`),
  KEY `craft_fields_context_idx` (`context`),
  KEY `craft_fields_groupId_fk` (`groupId`)
) ENGINE=InnoDB AUTO_INCREMENT=115 DEFAULT CHARSET=utf8 COLLATE=utf8_unicode_ci;

--
-- Data for table `craft_fields`
--

INSERT INTO `craft_fields` (`id`, `groupId`, `name`, `handle`, `context`, `instructions`, `translatable`, `type`, `settings`, `dateCreated`, `dateUpdated`, `uid`) VALUES
 ('62', '1', 'Blocks', 'blocks', 'global', '', '0', 'Matrix', '{\"maxBlocks\":null}', '2015-08-25 17:51:22', '2015-12-23 00:14:02', 'b3c9935a-c061-4d1d-bedb-66be8324df90'),
 ('63', NULL, 'Tagline', 'tagline', 'matrixBlockType:15', '', '0', 'PlainText', '{\"placeholder\":\"\",\"maxLength\":\"\",\"multiline\":\"\",\"initialRows\":\"4\"}', '2015-08-25 17:51:22', '2015-12-23 00:14:02', 'e32eed36-00da-42ee-b01d-1b90cf2a2f8e'),
 ('64', NULL, 'Primary Button', 'primaryButton', 'matrixBlockType:15', '', '0', 'Linkit_Linkit', '{\"defaultText\":\"\",\"text\":\"1\",\"target\":\"\",\"types\":\"*\",\"entrySources\":\"*\",\"targetLocale\":\"\",\"assetSources\":\"*\",\"categorySources\":\"*\"}', '2015-08-25 17:51:22', '2015-12-23 00:14:02', 'bfad0ebe-913c-4f79-8239-499ea88d5a88'),
 ('65', NULL, 'Secondary Button', 'secondaryButton', 'matrixBlockType:15', '', '0', 'Linkit_Linkit', '{\"defaultText\":\"\",\"text\":\"1\",\"target\":\"\",\"types\":\"*\",\"entrySources\":\"*\",\"targetLocale\":\"\",\"assetSources\":\"*\",\"categorySources\":\"*\"}', '2015-08-25 17:51:22', '2015-12-23 00:14:02', '3485b475-26a4-4797-8594-ffafa90daa97'),
 ('66', NULL, 'Intro Text', 'introText', 'matrixBlockType:15', '', '0', 'PlainText', '{\"placeholder\":\"\",\"maxLength\":\"\",\"multiline\":\"\",\"initialRows\":\"4\"}', '2015-12-15 15:25:55', '2015-12-23 00:14:02', '604bd91a-2d13-4845-ab67-f44eb7624f26'),
 ('67', NULL, 'label', 'label', 'matrixBlockType:16', '', '0', 'PlainText', '{\"placeholder\":\"\",\"maxLength\":\"\",\"multiline\":\"\",\"initialRows\":\"4\"}', '2015-12-15 15:57:07', '2015-12-23 00:14:03', '7ac10a1a-eb4f-4a4c-b28e-66f0e4ec89b6'),
 ('68', NULL, 'Headline', 'headline', 'matrixBlockType:16', '', '0', 'PlainText', '{\"placeholder\":\"\",\"maxLength\":\"\",\"multiline\":\"\",\"initialRows\":\"4\"}', '2015-12-15 15:57:07', '2015-12-23 00:14:03', 'bd9f7063-fb49-41d4-976f-1983c60aff69'),
 ('69', NULL, 'Description', 'description', 'matrixBlockType:16', '', '0', 'PlainText', '{\"placeholder\":\"\",\"maxLength\":\"\",\"multiline\":\"\",\"initialRows\":\"4\"}', '2015-12-15 15:57:07', '2015-12-23 00:14:03', 'e0519e9a-d750-41a5-9a5c-2510fd894889'),
 ('70', NULL, 'Link', 'learnmore', 'matrixBlockType:16', '', '0', 'Linkit_Linkit', '{\"defaultText\":\"Learn More\",\"text\":\"1\",\"target\":\"\",\"types\":\"*\",\"entrySources\":\"*\",\"targetLocale\":\"\",\"assetSources\":\"*\",\"categorySources\":\"*\"}', '2015-12-15 15:57:07', '2015-12-23 00:14:03', '4e27d86d-29d8-4715-92ec-16ac9cf24b37'),
 ('71', NULL, 'Illustration', 'illustration', 'matrixBlockType:16', '', '0', 'Assets', '{\"useSingleFolder\":\"\",\"sources\":\"*\",\"defaultUploadLocationSource\":\"1\",\"defaultUploadLocationSubpath\":\"\",\"singleUploadLocationSource\":\"1\",\"singleUploadLocationSubpath\":\"\",\"restrictFiles\":\"\",\"limit\":\"1\",\"selectionLabel\":\"Add an asset\"}', '2015-12-15 15:57:07', '2015-12-23 00:14:03', '65ff6dc7-4efc-44c2-811d-d3ca7e810718'),
 ('72', NULL, 'Jobs Headline', 'jobsHeadline', 'matrixBlockType:17', 'The text entered above will appear above the table.', '0', 'PlainText', '{\"placeholder\":\"\",\"maxLength\":\"\",\"multiline\":\"\",\"initialRows\":\"4\"}', '2015-12-15 16:18:06', '2015-12-23 00:14:03', 'efa18bb8-6af5-4c0c-bf3c-adcd900773d5'),
 ('73', '4', 'Team', 'team', 'global', '', '0', 'Entries', '{\"sources\":[\"section:6\"],\"limit\":\"1\",\"selectionLabel\":\"Add an entry\"}', '2015-12-15 16:22:10', '2015-12-15 16:23:44', '919d203e-db27-4476-b93a-6df2b3071870'),
 ('74', '4', 'Location', 'location', 'global', '', '0', 'Entries', '{\"sources\":[\"section:5\"],\"limit\":\"1\",\"selectionLabel\":\"Add an entry\"}', '2015-12-15 16:22:29', '2015-12-15 16:22:29', '6ce3f377-8405-48b5-b260-784520d38b62'),
 ('75', '4', 'Jobvite URL', 'jobviteUrl', 'global', '', '0', 'PlainText', '{\"placeholder\":\"\",\"maxLength\":\"\",\"multiline\":\"\",\"initialRows\":\"4\"}', '2015-12-15 16:24:30', '2015-12-15 16:24:30', '60ef55db-bfa0-4131-8d66-795cea871ec8'),
 ('76', NULL, 'Values', 'values', 'matrixBlockType:18', 'This is a placeholder block', '0', 'PlainText', '{\"placeholder\":\"\",\"maxLength\":\"\",\"multiline\":\"\",\"initialRows\":\"4\"}', '2015-12-16 16:35:25', '2015-12-23 00:14:03', '693c9203-0297-431a-b443-c4e78a2ad125'),
 ('77', '5', 'Image', 'image', 'global', '', '0', 'Assets', '{\"useSingleFolder\":\"\",\"sources\":\"*\",\"defaultUploadLocationSource\":\"1\",\"defaultUploadLocationSubpath\":\"\",\"singleUploadLocationSource\":\"1\",\"singleUploadLocationSubpath\":\"\",\"restrictFiles\":\"\",\"limit\":\"1\",\"selectionLabel\":\"Add an asset\"}', '2015-12-16 16:54:01', '2015-12-16 16:54:09', '15a016c2-4ead-4277-b60f-f13621a422a5'),
 ('78', '5', 'Quote', 'quote', 'global', '', '0', 'RichText', '{\"configFile\":\"\",\"cleanupHtml\":\"1\",\"purifyHtml\":\"\",\"columnType\":\"text\"}', '2015-12-16 16:54:39', '2015-12-16 16:54:39', 'eca045d6-5c97-46a2-95bf-ab707e576ce2'),
 ('79', '5', 'Full Name', 'fullName', 'global', 'Firstname Lastname', '0', 'PlainText', '{\"placeholder\":\"\",\"maxLength\":\"\",\"multiline\":\"\",\"initialRows\":\"4\"}', '2015-12-16 16:55:13', '2015-12-16 16:55:13', 'f5aadc91-e241-4b44-9595-8ee5ee138adb'),
 ('80', '5', 'Title', 'positionTitle', 'global', '', '0', 'PlainText', '{\"placeholder\":\"\",\"maxLength\":\"\",\"multiline\":\"\",\"initialRows\":\"4\"}', '2015-12-16 16:55:37', '2015-12-16 16:55:37', '856fe516-d868-4a26-8744-38367cc9b53c'),
 ('81', '5', 'Wistia ID', 'wistiaId', 'global', '', '0', 'PlainText', '{\"placeholder\":\"\",\"maxLength\":\"\",\"multiline\":\"\",\"initialRows\":\"4\"}', '2015-12-16 16:55:47', '2015-12-16 16:55:47', '956e9699-78c4-4a72-b9ba-74543bb7de1d'),
 ('82', '5', 'Button Text', 'buttonText', 'global', '', '0', 'PlainText', '{\"placeholder\":\"Watch Video\",\"maxLength\":\"\",\"multiline\":\"\",\"initialRows\":\"4\"}', '2015-12-16 16:56:05', '2015-12-16 16:56:05', '06c4e982-2219-4255-9690-dd767b921420'),
 ('83', NULL, 'Videos', 'videos', 'matrixBlockType:19', 'Add three video profiles', '0', 'Entries', '{\"sources\":[\"section:8\"],\"limit\":\"3\",\"selectionLabel\":\"Add a video profile\"}', '2015-12-16 16:57:24', '2015-12-23 00:14:03', '8c32eaa9-3f7c-4089-b1b7-057926ae465e'),
 ('84', NULL, 'label', 'label', 'matrixBlockType:15', 'Little text above Tagline for when the hero layout is used as a section', '0', 'PlainText', '{\"placeholder\":\"\",\"maxLength\":\"\",\"multiline\":\"\",\"initialRows\":\"4\"}', '2015-12-16 19:07:46', '2015-12-23 00:14:02', 'ac09abe4-3686-46ba-8703-1daa3b042f3c'),
 ('85', NULL, 'Background Image', 'backgroundImage', 'matrixBlockType:15', 'Add a background image to the block', '0', 'Assets', '{\"useSingleFolder\":\"\",\"sources\":\"*\",\"defaultUploadLocationSource\":\"1\",\"defaultUploadLocationSubpath\":\"\",\"singleUploadLocationSource\":\"1\",\"singleUploadLocationSubpath\":\"\",\"restrictFiles\":\"\",\"limit\":\"1\",\"selectionLabel\":\"Add an asset\"}', '2015-12-16 19:13:13', '2015-12-23 00:14:02', '23047c65-9cd9-4e03-a299-c6bf0b424984'),
 ('86', NULL, 'Picture Side', 'pictureSide', 'matrixBlockType:16', 'Which side is the picture on? (left/right)', '0', 'PositionSelect', '{\"options\":[\"left\",\"right\"]}', '2015-12-17 14:45:36', '2015-12-23 00:14:03', 'e4beb934-e9c6-4c7a-9753-5b9c22739750'),
 ('87', NULL, 'label', 'label', 'matrixBlockType:20', '', '0', 'PlainText', '{\"placeholder\":\"\",\"maxLength\":\"\",\"multiline\":\"\",\"initialRows\":\"4\"}', '2015-12-17 14:53:21', '2015-12-23 00:14:03', '34eaa464-c712-4a49-8392-b744dbcc4203'),
 ('88', NULL, 'Headline', 'headline', 'matrixBlockType:20', '', '0', 'PlainText', '{\"placeholder\":\"\",\"maxLength\":\"\",\"multiline\":\"\",\"initialRows\":\"4\"}', '2015-12-17 14:53:21', '2015-12-23 00:14:03', '21003bd8-f121-42b3-b8da-590ad18f93e1'),
 ('89', NULL, 'Description', 'description', 'matrixBlockType:20', '', '0', 'PlainText', '{\"placeholder\":\"\",\"maxLength\":\"\",\"multiline\":\"\",\"initialRows\":\"4\"}', '2015-12-17 14:53:21', '2015-12-23 00:14:03', '6c01be64-7a0f-423c-b8dc-3ce6f53ea05b'),
 ('90', NULL, 'Link', 'learnmore', 'matrixBlockType:20', '', '0', 'Linkit_Linkit', '{\"defaultText\":\"\",\"text\":\"\",\"target\":\"\",\"types\":\"*\",\"entrySources\":\"*\",\"targetLocale\":\"\",\"assetSources\":\"*\",\"categorySources\":\"*\"}', '2015-12-17 14:53:21', '2015-12-23 00:14:03', '079a779c-e0e9-40e5-af31-d10c2328f45a'),
 ('91', NULL, 'Picture', 'picture', 'matrixBlockType:20', '', '0', 'Assets', '{\"useSingleFolder\":\"\",\"sources\":\"*\",\"defaultUploadLocationSource\":\"1\",\"defaultUploadLocationSubpath\":\"\",\"singleUploadLocationSource\":\"1\",\"singleUploadLocationSubpath\":\"\",\"restrictFiles\":\"\",\"limit\":\"1\",\"selectionLabel\":\"Add an asset\"}', '2015-12-17 14:53:21', '2015-12-23 00:14:03', 'd57cb6bc-2993-47fb-b0e6-98981c84122c'),
 ('92', NULL, 'Picture Side', 'pictureSide', 'matrixBlockType:20', '', '0', 'PositionSelect', '{\"options\":[\"left\",\"right\"]}', '2015-12-17 14:53:21', '2015-12-23 00:14:03', 'e1568462-ca0d-4664-a719-c9274d9d94fc'),
 ('93', NULL, 'Text Background', 'textBackground', 'matrixBlockType:20', '', '0', 'RadioButtons', '{\"options\":[{\"label\":\"Dark\",\"value\":\"dark\",\"default\":\"\"},{\"label\":\"Light\",\"value\":\"light\",\"default\":\"1\"}]}', '2015-12-17 14:53:21', '2015-12-23 00:14:03', '1a4d4d55-b2ac-48e8-8cfc-b312314121b5'),
 ('94', NULL, 'Which Side is 7 columns?', 'whichSideIs7Columns', 'matrixBlockType:20', '', '0', 'RadioButtons', '{\"options\":[{\"label\":\"Picture\",\"value\":\"picture\",\"default\":\"1\"},{\"label\":\"Text\",\"value\":\"text\",\"default\":\"\"}]}', '2015-12-17 14:53:21', '2015-12-23 00:14:03', '40dc234a-d6ed-4dec-ac6b-923c02edb1b2'),
 ('95', NULL, 'Text Columns', 'textColumns', 'matrixBlockType:15', '', '0', 'RadioButtons', '{\"options\":[{\"label\":\"Six Columns\",\"value\":\"six\",\"default\":\"1\"},{\"label\":\"Seven Columns\",\"value\":\"seven\",\"default\":\"\"}]}', '2015-12-17 15:23:39', '2015-12-23 00:14:02', '7c8d74f5-39f7-46d1-837c-eca13e4a3f5c'),
 ('96', NULL, 'Text Background', 'textBackground', 'matrixBlockType:15', '', '0', 'PlainText', '{\"placeholder\":\"\",\"maxLength\":\"\",\"multiline\":\"\",\"initialRows\":\"4\"}', '2015-12-22 21:38:07', '2015-12-23 00:14:02', '9e00f03b-a57b-40ef-a0ee-f25a877040d0'),
 ('97', NULL, 'Text Background', 'textBackground', 'matrixBlockType:16', '', '0', 'RadioButtons', '{\"options\":[{\"label\":\"Light\",\"value\":\"light\",\"default\":\"1\"},{\"label\":\"Dark\",\"value\":\"dark\",\"default\":\"\"}]}', '2015-12-22 21:40:33', '2015-12-23 00:14:03', 'a7921c0f-398d-47e5-9bf8-dc40f236fddd'),
 ('98', NULL, 'Label', 'label', 'matrixBlockType:21', '', '0', 'PlainText', '{\"placeholder\":\"\",\"maxLength\":\"\",\"multiline\":\"\",\"initialRows\":\"4\"}', '2015-12-22 21:53:45', '2015-12-23 00:14:03', 'd5eb7ae2-ab02-464c-9c5b-b7535f8a57ca'),
 ('99', NULL, 'Headline', 'headline', 'matrixBlockType:21', '', '0', 'PlainText', '{\"placeholder\":\"\",\"maxLength\":\"\",\"multiline\":\"\",\"initialRows\":\"4\"}', '2015-12-22 21:53:45', '2015-12-23 00:14:03', '62f7984b-59ec-4082-bc00-78f9213b3e3b'),
 ('100', NULL, 'Description', 'description', 'matrixBlockType:21', '', '0', 'PlainText', '{\"placeholder\":\"\",\"maxLength\":\"\",\"multiline\":\"\",\"initialRows\":\"4\"}', '2015-12-22 21:53:45', '2015-12-23 00:14:03', '2ca3f142-0524-40eb-a6ee-4d73d319fb12'),
 ('101', NULL, 'Link', 'learnmore', 'matrixBlockType:21', '', '0', 'Linkit_Linkit', '{\"defaultText\":\"Learn More\",\"text\":\"1\",\"target\":\"\",\"types\":\"*\",\"entrySources\":\"*\",\"targetLocale\":\"\",\"assetSources\":\"*\",\"categorySources\":\"*\"}', '2015-12-22 21:53:45', '2015-12-23 00:14:03', 'db7289af-2570-4e69-affb-3412ee3a04a6'),
 ('102', NULL, 'Image', 'image', 'matrixBlockType:21', '', '0', 'Assets', '{\"useSingleFolder\":\"\",\"sources\":\"*\",\"defaultUploadLocationSource\":\"1\",\"defaultUploadLocationSubpath\":\"\",\"singleUploadLocationSource\":\"1\",\"singleUploadLocationSubpath\":\"\",\"restrictFiles\":\"\",\"limit\":\"1\",\"selectionLabel\":\"Add an asset\"}', '2015-12-22 21:53:45', '2015-12-23 00:14:03', 'c1b6909d-29fb-4844-90a5-6036a16dd28d'),
 ('103', NULL, 'Copy Side', 'copySide', 'matrixBlockType:21', 'Which side is the copy on? (left/right)', '0', 'PositionSelect', '{\"options\":[\"left\",\"right\"]}', '2015-12-22 21:53:45', '2015-12-23 00:14:03', 'bee7d2bb-f64b-41ec-ab5f-9614220fcb84'),
 ('104', NULL, 'Text Background', 'textBackground', 'matrixBlockType:21', 'Background color of text', '0', 'RadioButtons', '{\"options\":[{\"label\":\"Light\",\"value\":\"light\",\"default\":\"1\"},{\"label\":\"Dark\",\"value\":\"dark\",\"default\":\"\"}]}', '2015-12-22 21:53:45', '2015-12-23 00:14:03', '1757d1e8-b55d-4fae-a395-0852fe06f110'),
 ('105', NULL, 'Image', 'image', 'matrixBlockType:16', 'This is the background image if we\'re using one', '0', 'Assets', '{\"useSingleFolder\":\"\",\"sources\":\"*\",\"defaultUploadLocationSource\":\"1\",\"defaultUploadLocationSubpath\":\"\",\"singleUploadLocationSource\":\"1\",\"singleUploadLocationSubpath\":\"\",\"restrictFiles\":\"\",\"limit\":\"\",\"selectionLabel\":\"Add an asset\"}', '2015-12-22 22:09:44', '2015-12-23 00:14:03', '6c246d27-d152-4e47-8898-71cc49ee8ea2'),
 ('106', NULL, 'Location Illustrations One', 'locationIllustrations1', 'matrixBlockType:22', '', '0', 'Assets', '{\"useSingleFolder\":\"\",\"sources\":\"*\",\"defaultUploadLocationSource\":\"1\",\"defaultUploadLocationSubpath\":\"\",\"singleUploadLocationSource\":\"1\",\"singleUploadLocationSubpath\":\"\",\"restrictFiles\":\"\",\"limit\":\"\",\"selectionLabel\":\"Add an asset\"}', '2015-12-22 22:26:08', '2015-12-23 00:14:03', 'd81153af-2880-49c4-8b00-44646ca94e97'),
 ('107', '6', 'Location Illustrations', 'locationIllustrations', 'global', '', '0', 'Assets', '{\"useSingleFolder\":\"\",\"sources\":\"*\",\"defaultUploadLocationSource\":\"1\",\"defaultUploadLocationSubpath\":\"\",\"singleUploadLocationSource\":\"1\",\"singleUploadLocationSubpath\":\"\",\"restrictFiles\":\"\",\"limit\":\"\",\"selectionLabel\":\"Add an asset\"}', '2015-12-22 22:32:20', '2015-12-22 22:32:20', '96f84369-9cb2-4d8b-abc8-fd02892d5877'),
 ('108', NULL, 'Scroll ID', 'scrollID', 'matrixBlockType:16', 'this is the id for scroll anchoring', '0', 'PlainText', '{\"placeholder\":\"\",\"maxLength\":\"\",\"multiline\":\"\",\"initialRows\":\"4\"}', '2015-12-22 23:07:10', '2015-12-23 00:14:03', 'fb7e38ca-6f16-4f8a-84cd-e3f7e262f930'),
 ('109', NULL, 'Scroll ID', 'scrollID', 'matrixBlockType:17', 'This is the id to assign to scroll spy', '0', 'PlainText', '{\"placeholder\":\"\",\"maxLength\":\"\",\"multiline\":\"\",\"initialRows\":\"4\"}', '2015-12-22 23:17:14', '2015-12-23 00:14:03', 'a6a59c98-b05d-4271-ae64-5d397618ae8a'),
 ('110', NULL, 'Scroll ID', 'scrollID', 'matrixBlockType:20', '', '0', 'PlainText', '{\"placeholder\":\"\",\"maxLength\":\"\",\"multiline\":\"\",\"initialRows\":\"4\"}', '2015-12-22 23:17:14', '2015-12-23 00:14:03', '526ac3d3-d5b5-47c9-a6c2-0a732bf1dd5c'),
 ('111', NULL, 'Scroll ID', 'scrollID', 'matrixBlockType:21', '', '0', 'PlainText', '{\"placeholder\":\"\",\"maxLength\":\"\",\"multiline\":\"\",\"initialRows\":\"4\"}', '2015-12-22 23:17:14', '2015-12-23 00:14:03', 'e48798b5-31ce-4490-aa56-4a1c29f71ca9'),
 ('112', NULL, 'Scroll ID', 'scrollID', 'matrixBlockType:19', 'Id for scroll anchor', '0', 'PlainText', '{\"placeholder\":\"\",\"maxLength\":\"\",\"multiline\":\"\",\"initialRows\":\"4\"}', '2015-12-23 00:04:59', '2015-12-23 00:14:03', '57cf36d1-116c-4c07-afca-343cc0bf5f07'),
 ('113', NULL, 'Location Illustrations One', 'locationIllustrations2', 'matrixBlockType:22', '', '0', 'Assets', '{\"useSingleFolder\":\"\",\"sources\":\"*\",\"defaultUploadLocationSource\":\"1\",\"defaultUploadLocationSubpath\":\"\",\"singleUploadLocationSource\":\"1\",\"singleUploadLocationSubpath\":\"\",\"restrictFiles\":\"\",\"limit\":\"\",\"selectionLabel\":\"Add an asset\"}', '2015-12-23 00:11:54', '2015-12-23 00:14:03', '6aff8541-488c-4a1f-a1aa-6107db296e87'),
 ('114', NULL, 'Location Illustrations Three', 'locationIllustrations3', 'matrixBlockType:22', '', '0', 'Assets', '{\"useSingleFolder\":\"\",\"sources\":\"*\",\"defaultUploadLocationSource\":\"1\",\"defaultUploadLocationSubpath\":\"\",\"singleUploadLocationSource\":\"1\",\"singleUploadLocationSubpath\":\"\",\"restrictFiles\":\"\",\"limit\":\"\",\"selectionLabel\":\"Add an asset\"}', '2015-12-23 00:11:54', '2015-12-23 00:14:03', '433e65cc-604f-434a-996d-efcb426c5bea');




DROP TABLE IF EXISTS `craft_globalsets`;


--
-- Schema for table `craft_globalsets`
--
CREATE TABLE `craft_globalsets` (
  `id` int(11) NOT NULL,
  `name` varchar(255) COLLATE utf8_unicode_ci NOT NULL,
  `handle` varchar(255) COLLATE utf8_unicode_ci NOT NULL,
  `fieldLayoutId` int(10) DEFAULT NULL,
  `dateCreated` datetime NOT NULL,
  `dateUpdated` datetime NOT NULL,
  `uid` char(36) COLLATE utf8_unicode_ci NOT NULL DEFAULT '0',
  PRIMARY KEY (`id`),
  UNIQUE KEY `craft_globalsets_name_unq_idx` (`name`),
  UNIQUE KEY `craft_globalsets_handle_unq_idx` (`handle`),
  KEY `craft_globalsets_fieldLayoutId_fk` (`fieldLayoutId`)
) ENGINE=InnoDB DEFAULT CHARSET=utf8 COLLATE=utf8_unicode_ci;

DROP TABLE IF EXISTS `craft_info`;


--
-- Schema for table `craft_info`
--
CREATE TABLE `craft_info` (
  `id` int(11) NOT NULL AUTO_INCREMENT,
  `version` varchar(15) COLLATE utf8_unicode_ci NOT NULL,
  `build` int(11) unsigned NOT NULL,
  `schemaVersion` varchar(15) COLLATE utf8_unicode_ci NOT NULL,
  `releaseDate` datetime NOT NULL,
  `edition` tinyint(1) unsigned NOT NULL DEFAULT '0',
  `siteName` varchar(100) COLLATE utf8_unicode_ci NOT NULL,
  `siteUrl` varchar(255) COLLATE utf8_unicode_ci NOT NULL,
  `timezone` varchar(30) COLLATE utf8_unicode_ci DEFAULT NULL,
  `on` tinyint(1) unsigned NOT NULL DEFAULT '0',
  `maintenance` tinyint(1) unsigned NOT NULL DEFAULT '0',
  `track` varchar(40) COLLATE utf8_unicode_ci NOT NULL,
  `dateCreated` datetime NOT NULL,
  `dateUpdated` datetime NOT NULL,
  `uid` char(36) COLLATE utf8_unicode_ci NOT NULL DEFAULT '0',
  PRIMARY KEY (`id`)
) ENGINE=InnoDB AUTO_INCREMENT=2 DEFAULT CHARSET=utf8 COLLATE=utf8_unicode_ci;

--
-- Data for table `craft_info`
--

INSERT INTO `craft_info` (`id`, `version`, `build`, `schemaVersion`, `releaseDate`, `edition`, `siteName`, `siteUrl`, `timezone`, `on`, `maintenance`, `track`, `dateCreated`, `dateUpdated`, `uid`) VALUES
 ('1', '2.4', '2682', '2.4.0', '2015-07-29 18:58:37', '2', 'Careers', 'http://careers.dev', 'UTC', '1', '1', 'stable', '2015-08-06 15:34:16', '2015-12-23 18:59:31', '5fa11f71-264c-46f2-8c53-f92098064548');




DROP TABLE IF EXISTS `craft_locales`;


--
-- Schema for table `craft_locales`
--
CREATE TABLE `craft_locales` (
  `locale` char(12) COLLATE utf8_unicode_ci NOT NULL,
  `sortOrder` tinyint(4) DEFAULT NULL,
  `dateCreated` datetime NOT NULL,
  `dateUpdated` datetime NOT NULL,
  `uid` char(36) COLLATE utf8_unicode_ci NOT NULL DEFAULT '0',
  PRIMARY KEY (`locale`),
  KEY `craft_locales_sortOrder_idx` (`sortOrder`)
) ENGINE=InnoDB DEFAULT CHARSET=utf8 COLLATE=utf8_unicode_ci;

--
-- Data for table `craft_locales`
--

INSERT INTO `craft_locales` (`locale`, `sortOrder`, `dateCreated`, `dateUpdated`, `uid`) VALUES
 ('en_us', '1', '2015-08-06 15:34:16', '2015-08-06 15:34:16', '82c1b945-9e73-413d-a74a-4ea554e803b2');




DROP TABLE IF EXISTS `craft_matrixblocks`;


--
-- Schema for table `craft_matrixblocks`
--
CREATE TABLE `craft_matrixblocks` (
  `id` int(11) NOT NULL,
  `ownerId` int(11) NOT NULL,
  `fieldId` int(11) NOT NULL,
  `typeId` int(11) DEFAULT NULL,
  `sortOrder` tinyint(4) DEFAULT NULL,
  `ownerLocale` char(12) COLLATE utf8_unicode_ci DEFAULT NULL,
  `dateCreated` datetime NOT NULL,
  `dateUpdated` datetime NOT NULL,
  `uid` char(36) COLLATE utf8_unicode_ci NOT NULL DEFAULT '0',
  PRIMARY KEY (`id`),
  KEY `craft_matrixblocks_ownerId_idx` (`ownerId`),
  KEY `craft_matrixblocks_fieldId_idx` (`fieldId`),
  KEY `craft_matrixblocks_typeId_idx` (`typeId`),
  KEY `craft_matrixblocks_sortOrder_idx` (`sortOrder`),
  KEY `craft_matrixblocks_ownerLocale_fk` (`ownerLocale`)
) ENGINE=InnoDB DEFAULT CHARSET=utf8 COLLATE=utf8_unicode_ci;

--
-- Data for table `craft_matrixblocks`
--

INSERT INTO `craft_matrixblocks` (`id`, `ownerId`, `fieldId`, `typeId`, `sortOrder`, `ownerLocale`, `dateCreated`, `dateUpdated`, `uid`) VALUES
 ('31', '30', '62', '15', '1', NULL, '2015-08-25 17:55:24', '2015-08-25 18:23:42', '55c55823-b684-476f-bf89-bce25859715c'),
 ('33', '32', '62', '15', '1', NULL, '2015-08-25 17:55:50', '2015-08-25 18:38:09', 'b75df90f-2110-4664-addf-eb36fec4d7df'),
 ('34', '2', '62', '15', '1', NULL, '2015-08-25 17:59:31', '2015-12-23 01:04:17', '6d6c1063-dcfa-4031-92d5-a95877acaa85'),
 ('36', '35', '62', '15', '1', NULL, '2015-08-25 19:53:09', '2015-08-25 20:03:54', '1d0f1b90-73e6-470c-80b8-baf1fc43d4cd'),
 ('38', '37', '62', '15', '1', NULL, '2015-08-25 20:08:19', '2015-08-25 20:08:19', '60ae97d1-c777-481e-8bd6-6e24c9488f0c'),
 ('40', '39', '62', '15', '1', NULL, '2015-08-25 20:12:43', '2015-08-25 20:12:43', 'aca56676-29af-4fbf-821a-5ae54804b2d7'),
 ('41', '2', '62', '16', '2', NULL, '2015-12-15 15:58:06', '2015-12-23 01:04:17', '275e4675-6bd0-4363-aaf8-02662bd5de9a'),
 ('42', '2', '62', '17', '9', NULL, '2015-12-15 16:18:18', '2015-12-23 01:04:17', 'cfc40350-093d-4164-b1d0-61adfeb70ab6'),
 ('45', '2', '62', '16', '5', NULL, '2015-12-16 16:37:39', '2015-12-23 01:04:17', '488d2beb-553f-4b9e-bc5b-55c6ee078419'),
 ('49', '2', '62', '19', '3', NULL, '2015-12-16 17:00:25', '2015-12-23 01:04:17', '06148a60-a678-4b6c-acee-8e772ee7e469'),
 ('59', '2', '62', '20', '6', NULL, '2015-12-22 21:30:06', '2015-12-23 01:04:17', '3d7f11f7-893b-49f2-9d87-9e50dd297cb1'),
 ('61', '2', '62', '21', '7', NULL, '2015-12-22 22:06:11', '2015-12-23 01:04:17', '3ff6a166-267d-4ec6-a107-25c3843f5858'),
 ('66', '2', '62', '22', '8', NULL, '2015-12-23 00:15:12', '2015-12-23 01:04:17', '0c2376c4-7972-4202-9671-2de50948ea3f'),
 ('67', '2', '62', '18', '4', NULL, '2015-12-23 00:54:23', '2015-12-23 01:04:17', '10b18d5c-8267-43ff-8c85-0892c8735c0c');




DROP TABLE IF EXISTS `craft_matrixblocktypes`;


--
-- Schema for table `craft_matrixblocktypes`
--
CREATE TABLE `craft_matrixblocktypes` (
  `id` int(11) NOT NULL AUTO_INCREMENT,
  `fieldId` int(11) NOT NULL,
  `fieldLayoutId` int(11) DEFAULT NULL,
  `name` varchar(255) COLLATE utf8_unicode_ci NOT NULL,
  `handle` varchar(255) COLLATE utf8_unicode_ci NOT NULL,
  `sortOrder` tinyint(4) DEFAULT NULL,
  `dateCreated` datetime NOT NULL,
  `dateUpdated` datetime NOT NULL,
  `uid` char(36) COLLATE utf8_unicode_ci NOT NULL DEFAULT '0',
  PRIMARY KEY (`id`),
  UNIQUE KEY `craft_matrixblocktypes_name_fieldId_unq_idx` (`name`,`fieldId`),
  UNIQUE KEY `craft_matrixblocktypes_handle_fieldId_unq_idx` (`handle`,`fieldId`),
  KEY `craft_matrixblocktypes_fieldId_fk` (`fieldId`),
  KEY `craft_matrixblocktypes_fieldLayoutId_fk` (`fieldLayoutId`)
) ENGINE=InnoDB AUTO_INCREMENT=23 DEFAULT CHARSET=utf8 COLLATE=utf8_unicode_ci;

--
-- Data for table `craft_matrixblocktypes`
--

INSERT INTO `craft_matrixblocktypes` (`id`, `fieldId`, `fieldLayoutId`, `name`, `handle`, `sortOrder`, `dateCreated`, `dateUpdated`, `uid`) VALUES
 ('15', '62', '244', 'hero', 'hero', '1', '2015-08-25 17:51:22', '2015-12-23 00:14:03', '03ca3b8b-ba95-4e9d-9822-27bd857e6340'),
 ('16', '62', '245', 'Half width w picture', 'halfWidthPicture', '2', '2015-12-15 15:57:07', '2015-12-23 00:14:03', '68125557-8373-4ce8-b1df-bec052323ab5'),
 ('17', '62', '246', 'Jobs Table', 'jobsTable', '3', '2015-12-15 16:18:06', '2015-12-23 00:14:03', '89bc37f7-1499-430b-a495-dbdab492e744'),
 ('18', '62', '247', 'Values', 'values', '4', '2015-12-16 16:35:25', '2015-12-23 00:14:03', '4b35b4b0-02e9-4b05-937d-aa1dd87390c6'),
 ('19', '62', '248', 'Video Three-up', 'videoThreeUp', '5', '2015-12-16 16:57:24', '2015-12-23 00:14:03', '1c344753-ddb9-4741-bd98-cda4505d2541'),
 ('20', '62', '249', '7col 5col Split', 'col5colSplit', '6', '2015-12-17 14:53:21', '2015-12-23 00:14:03', '6f1c0d4c-b896-4a83-ba5f-22a14771d251'),
 ('21', '62', '250', 'Full Width Image', 'fullWidthImage', '7', '2015-12-22 21:53:45', '2015-12-23 00:14:03', 'f75d2bcf-0837-4e7e-9d4c-f1c068105ced'),
 ('22', '62', '251', 'Icon Three Up', 'iconThreeUp', '8', '2015-12-22 22:26:08', '2015-12-23 00:14:03', '82cdc545-7901-4561-afe6-abb08615403c');




DROP TABLE IF EXISTS `craft_matrixcontent_blocks`;


--
-- Schema for table `craft_matrixcontent_blocks`
--
CREATE TABLE `craft_matrixcontent_blocks` (
  `id` int(11) NOT NULL AUTO_INCREMENT,
  `elementId` int(11) NOT NULL,
  `locale` char(12) COLLATE utf8_unicode_ci NOT NULL,
  `field_hero_tagline` text COLLATE utf8_unicode_ci,
  `field_hero_primaryButton` text COLLATE utf8_unicode_ci,
  `field_hero_secondaryButton` text COLLATE utf8_unicode_ci,
  `field_hero_introText` text COLLATE utf8_unicode_ci,
  `field_halfWidthPicture_label` text COLLATE utf8_unicode_ci,
  `field_halfWidthPicture_headline` text COLLATE utf8_unicode_ci,
  `field_halfWidthPicture_description` text COLLATE utf8_unicode_ci,
  `field_halfWidthPicture_learnmore` text COLLATE utf8_unicode_ci,
  `field_jobsTable_jobsHeadline` text COLLATE utf8_unicode_ci,
  `field_values_values` text COLLATE utf8_unicode_ci,
  `field_hero_label` text COLLATE utf8_unicode_ci,
  `field_halfWidthPicture_pictureSide` varchar(255) COLLATE utf8_unicode_ci DEFAULT NULL,
  `field_col5colSplit_label` text COLLATE utf8_unicode_ci,
  `field_col5colSplit_headline` text COLLATE utf8_unicode_ci,
  `field_col5colSplit_description` text COLLATE utf8_unicode_ci,
  `field_col5colSplit_learnmore` text COLLATE utf8_unicode_ci,
  `field_col5colSplit_pictureSide` varchar(255) COLLATE utf8_unicode_ci DEFAULT NULL,
  `field_col5colSplit_textBackground` varchar(255) COLLATE utf8_unicode_ci DEFAULT 'light',
  `field_col5colSplit_whichSideIs7Columns` varchar(255) COLLATE utf8_unicode_ci DEFAULT 'picture',
  `field_hero_textColumns` varchar(255) COLLATE utf8_unicode_ci DEFAULT 'six',
  `field_hero_textBackground` text COLLATE utf8_unicode_ci,
  `field_halfWidthPicture_textBackground` varchar(255) COLLATE utf8_unicode_ci DEFAULT 'light',
  `field_fullWidthImage_label` text COLLATE utf8_unicode_ci,
  `field_fullWidthImage_headline` text COLLATE utf8_unicode_ci,
  `field_fullWidthImage_description` text COLLATE utf8_unicode_ci,
  `field_fullWidthImage_learnmore` text COLLATE utf8_unicode_ci,
  `field_fullWidthImage_copySide` varchar(255) COLLATE utf8_unicode_ci DEFAULT NULL,
  `field_fullWidthImage_textBackground` varchar(255) COLLATE utf8_unicode_ci DEFAULT 'light',
  `field_halfWidthPicture_scrollID` text COLLATE utf8_unicode_ci,
  `field_jobsTable_scrollID` text COLLATE utf8_unicode_ci,
  `field_col5colSplit_scrollID` text COLLATE utf8_unicode_ci,
  `field_fullWidthImage_scrollID` text COLLATE utf8_unicode_ci,
  `field_videoThreeUp_scrollID` text COLLATE utf8_unicode_ci,
  `dateCreated` datetime NOT NULL,
  `dateUpdated` datetime NOT NULL,
  `uid` char(36) COLLATE utf8_unicode_ci NOT NULL DEFAULT '0',
  PRIMARY KEY (`id`),
  UNIQUE KEY `craft_matrixcontent_blocks_elementId_locale_unq_idx` (`elementId`,`locale`),
  KEY `craft_matrixcontent_blocks_locale_idx` (`locale`)
) ENGINE=InnoDB AUTO_INCREMENT=19 DEFAULT CHARSET=utf8 COLLATE=utf8_unicode_ci;

--
-- Data for table `craft_matrixcontent_blocks`
--

INSERT INTO `craft_matrixcontent_blocks` (`id`, `elementId`, `locale`, `field_hero_tagline`, `field_hero_primaryButton`, `field_hero_secondaryButton`, `field_hero_introText`, `field_halfWidthPicture_label`, `field_halfWidthPicture_headline`, `field_halfWidthPicture_description`, `field_halfWidthPicture_learnmore`, `field_jobsTable_jobsHeadline`, `field_values_values`, `field_hero_label`, `field_halfWidthPicture_pictureSide`, `field_col5colSplit_label`, `field_col5colSplit_headline`, `field_col5colSplit_description`, `field_col5colSplit_learnmore`, `field_col5colSplit_pictureSide`, `field_col5colSplit_textBackground`, `field_col5colSplit_whichSideIs7Columns`, `field_hero_textColumns`, `field_hero_textBackground`, `field_halfWidthPicture_textBackground`, `field_fullWidthImage_label`, `field_fullWidthImage_headline`, `field_fullWidthImage_description`, `field_fullWidthImage_learnmore`, `field_fullWidthImage_copySide`, `field_fullWidthImage_textBackground`, `field_halfWidthPicture_scrollID`, `field_jobsTable_scrollID`, `field_col5colSplit_scrollID`, `field_fullWidthImage_scrollID`, `field_videoThreeUp_scrollID`, `dateCreated`, `dateUpdated`, `uid`) VALUES
 ('1', '31', 'en_us', 'This is San Francisco', '{\"type\":\"custom\",\"custom\":\"http:\\/\\/www.google.com\",\"text\":\"Clickthrough\"}', '{\"type\":\"custom\",\"custom\":\"http:\\/\\/www.google.com\",\"text\":\"Clickthrough SF\"}', NULL, NULL, NULL, NULL, NULL, NULL, NULL, NULL, NULL, NULL, NULL, NULL, NULL, NULL, 'Light', 'Picture', NULL, NULL, 'light', NULL, NULL, NULL, NULL, NULL, 'light', NULL, NULL, NULL, NULL, NULL, '2015-08-25 17:55:24', '2015-08-25 18:23:42', 'e0b0fba9-eb1e-4a58-9469-fc88f5f79503'),
 ('2', '33', 'en_us', 'This is Munich', '{\"type\":\"custom\",\"custom\":\"http:\\/\\/www.google.com\",\"text\":\"Google Click\"}', '{\"type\":\"custom\",\"custom\":\"http:\\/\\/www.google.com\",\"text\":\"Click Munich\"}', NULL, NULL, NULL, NULL, NULL, NULL, NULL, NULL, NULL, NULL, NULL, NULL, NULL, NULL, 'Light', 'Picture', NULL, NULL, 'light', NULL, NULL, NULL, NULL, NULL, 'light', NULL, NULL, NULL, NULL, NULL, '2015-08-25 17:55:50', '2015-08-25 18:38:09', '2cc813a7-d3bf-4f25-ae56-855b89f1a219'),
 ('3', '34', 'en_us', 'At AppDirect, you’ll build technology that helps millions of businesses become more successful, every day.', '{\"type\":\"custom\",\"email\":\"\",\"tel\":\"\",\"custom\":\"http:\\/\\/www.google.com\",\"entry\":\"\",\"asset\":\"\",\"category\":\"\",\"text\":\"See Job Openings\"}', '{\"type\":\"custom\",\"email\":\"\",\"tel\":\"\",\"custom\":\"http:\\/\\/www.google.com\",\"entry\":\"\",\"asset\":\"\",\"category\":\"\",\"text\":\"Watch Video\"}', 'Technology that helps them discover the software tools that develop- ers and individuals (like you) are building for exciting industries all over the globe. Come disrupt how software is discovered and consumed with talented, but humble people from every walk of life.', NULL, NULL, NULL, NULL, NULL, NULL, '', NULL, NULL, NULL, NULL, NULL, NULL, NULL, NULL, 'seven', 'light', NULL, NULL, NULL, NULL, NULL, NULL, NULL, NULL, NULL, NULL, NULL, NULL, '2015-08-25 17:59:31', '2015-12-23 01:04:17', '15ca0684-7a39-4d12-867a-2cdf374bc3cc'),
 ('4', '36', 'en_us', 'Montreal Hero', '{\"type\":\"custom\",\"custom\":\"http:\\/\\/www.google.com\",\"text\":\"Montreal Button\"}', '{\"type\":\"custom\",\"custom\":\"http:\\/\\/www.google.com\",\"text\":\"Second Button\"}', NULL, NULL, NULL, NULL, NULL, NULL, NULL, NULL, NULL, NULL, NULL, NULL, NULL, NULL, 'Light', 'Picture', NULL, NULL, 'light', NULL, NULL, NULL, NULL, NULL, 'light', NULL, NULL, NULL, NULL, NULL, '2015-08-25 19:53:09', '2015-08-25 20:03:54', '89e989a0-1b0a-444b-9e11-f49398a11243'),
 ('5', '38', 'en_us', 'Engineering Hero', '{\"type\":\"custom\",\"custom\":\"http:\\/\\/www.google.com\",\"text\":\"Custom Eng\"}', '{\"type\":\"custom\",\"custom\":\"http:\\/\\/www.google.com\",\"text\":\"Second Button\"}', NULL, NULL, NULL, NULL, NULL, NULL, NULL, NULL, NULL, NULL, NULL, NULL, NULL, NULL, 'Light', 'Picture', NULL, NULL, 'light', NULL, NULL, NULL, NULL, NULL, 'light', NULL, NULL, NULL, NULL, NULL, '2015-08-25 20:08:19', '2015-08-25 20:08:19', '0b4b5664-572e-4561-9588-e7f7c887fb46'),
 ('6', '40', 'en_us', 'Boulder Hero', '{\"type\":\"custom\",\"custom\":\"http:\\/\\/www.google.com\",\"text\":\"Custom Boulder\"}', '{\"type\":\"custom\",\"custom\":\"http:\\/\\/www.google.com\",\"text\":\"Second Button\"}', NULL, NULL, NULL, NULL, NULL, NULL, NULL, NULL, NULL, NULL, NULL, NULL, NULL, NULL, 'Light', 'Picture', NULL, NULL, 'light', NULL, NULL, NULL, NULL, NULL, 'light', NULL, NULL, NULL, NULL, NULL, '2015-08-25 20:12:43', '2015-08-25 20:12:43', '35e5261a-2329-42c5-b52d-60b96e93b980'),
 ('7', '41', 'en_us', NULL, NULL, NULL, NULL, 'What We Do', 'We’re a commerce platform for finding, buying and selling cloud software.', 'Fusce dapibus, tellus ac cursus commodo, tortor mauris condi- mentum nibh, ut fermentum massa justo sit amet risus. Integer posuere erat a ante venenatis dapibus posuere velit aliquet. Cum sociis natoque penatibus et magnis dis parturient montes, nascetur ridiculus mus. Nulla vitae elit libero.', '{\"type\":\"custom\",\"email\":\"\",\"tel\":\"\",\"custom\":\"http:\\/\\/www.appdirect.com\",\"entry\":\"\",\"asset\":\"\",\"category\":\"\",\"text\":\"Learn More\"}', NULL, NULL, NULL, 'left', NULL, NULL, NULL, NULL, NULL, NULL, NULL, NULL, NULL, 'light', NULL, NULL, NULL, NULL, NULL, NULL, 'whatwedo', NULL, NULL, NULL, NULL, '2015-12-15 15:58:06', '2015-12-23 01:04:17', '0a046621-3fac-4a3b-b1b1-eb5f93fd4c2e'),
 ('8', '42', 'en_us', NULL, NULL, NULL, NULL, NULL, NULL, NULL, NULL, 'Duis mollis, est non commodo luctus, nisi erat porttitor ligula, eget lacinia odio elit. Cum sociis natoque penatibus magnis parturient.', NULL, NULL, NULL, NULL, NULL, NULL, NULL, NULL, NULL, NULL, NULL, NULL, NULL, NULL, NULL, NULL, NULL, NULL, NULL, NULL, 'jobs', NULL, NULL, NULL, '2015-12-15 16:18:18', '2015-12-23 01:04:17', '257478dd-7697-481c-b8ad-3ba7f461a990'),
 ('10', '45', 'en_us', NULL, NULL, NULL, NULL, 'Teams', 'Duis mollis, est commodo luctus, nisi erat porttitor ligula, eget lacinia odio sem nec elit. Cum sociis natoque magnis parturient montes.', ' Fusce dapibus, tellus ac cursus commodo, tortor mauris condi- mentum nibh, ut fermentum massa justo sit amet risus. Integer posuere erat a ante venenatis dapibus posuere velit aliquet. Cum sociis natoque penatibus et magnis dis parturient montes, nasce- tur ridiculus mus nulla vitae elit libero.', '{\"type\":\"\",\"email\":\"\",\"tel\":\"\",\"custom\":\"\",\"entry\":\"\",\"asset\":\"\",\"category\":\"\",\"text\":\"\"}', NULL, NULL, NULL, 'right', NULL, NULL, NULL, NULL, NULL, NULL, NULL, NULL, NULL, 'dark', NULL, NULL, NULL, NULL, NULL, NULL, 'teams', NULL, NULL, NULL, NULL, '2015-12-16 16:37:39', '2015-12-23 01:04:17', '0ba685e1-2f68-483c-a9fe-0681f840ac3c'),
 ('11', '49', 'en_us', NULL, NULL, NULL, NULL, NULL, NULL, NULL, NULL, NULL, NULL, NULL, NULL, NULL, NULL, NULL, NULL, NULL, NULL, NULL, NULL, NULL, NULL, NULL, NULL, NULL, NULL, NULL, NULL, NULL, NULL, NULL, NULL, '', '2015-12-16 17:00:25', '2015-12-23 01:04:17', '77b50a57-22fe-4885-99b0-81976d3473ec'),
 ('15', '59', 'en_us', NULL, NULL, NULL, NULL, NULL, NULL, NULL, NULL, NULL, NULL, NULL, NULL, 'Perks', 'At AppDirect, we strive to create a work environment where team members are motivated to amplify our culture.', 'In addition to a competitive benefits package, we offer wellness programs, catered meals, fully-stocked kitchens and regular sponsored events. Out beautiful and newly renovated office spaces create a relaxed, open atmosphere where you can easily collaborate with colleagues, or find space for solo contemplation.', '{\"type\":\"\",\"email\":\"\",\"tel\":\"\",\"custom\":\"\",\"entry\":\"\",\"asset\":\"\",\"category\":\"\"}', 'left', 'light', 'text', NULL, NULL, NULL, NULL, NULL, NULL, NULL, NULL, NULL, NULL, NULL, 'perks', NULL, NULL, '2015-12-22 21:30:06', '2015-12-23 01:04:17', 'f2c20c7d-9246-46a3-97f8-cbdf457cf058'),
 ('16', '61', 'en_us', NULL, NULL, NULL, NULL, NULL, NULL, NULL, NULL, NULL, NULL, NULL, NULL, NULL, NULL, NULL, NULL, NULL, NULL, NULL, NULL, NULL, NULL, 'Locations', 'We are headquartered in San Francisco, with satellite offices in Montreal, Canada, and Munich, Germany.', 'And we continue to grow, helping businesses harness the power of cloud software around the world—in the Americas, in Europe, and in Asia. At AppDirect we are building a company not just with global reach, but with global presence.  ', '{\"type\":\"\",\"email\":\"\",\"tel\":\"\",\"custom\":\"\",\"entry\":\"\",\"asset\":\"\",\"category\":\"\",\"text\":\"\"}', 'left', 'dark', NULL, NULL, NULL, 'locations', NULL, '2015-12-22 22:06:11', '2015-12-23 01:04:17', 'd6b09826-293c-4a96-9bbf-a208d0485133'),
 ('17', '66', 'en_us', NULL, NULL, NULL, NULL, NULL, NULL, NULL, NULL, NULL, NULL, NULL, NULL, NULL, NULL, NULL, NULL, NULL, NULL, NULL, NULL, NULL, NULL, NULL, NULL, NULL, NULL, NULL, NULL, NULL, NULL, NULL, NULL, NULL, '2015-12-23 00:15:12', '2015-12-23 01:04:17', 'a6a0664e-d8a9-43c9-9c6d-2a17b0b400d3'),
 ('18', '67', 'en_us', NULL, NULL, NULL, NULL, NULL, NULL, NULL, NULL, NULL, '', NULL, NULL, NULL, NULL, NULL, NULL, NULL, NULL, NULL, NULL, NULL, NULL, NULL, NULL, NULL, NULL, NULL, NULL, NULL, NULL, NULL, NULL, NULL, '2015-12-23 00:54:23', '2015-12-23 01:04:17', '09238b56-bddd-410a-9c03-050405a41d9b');




DROP TABLE IF EXISTS `craft_matrixcontent_hero`;


--
-- Schema for table `craft_matrixcontent_hero`
--
CREATE TABLE `craft_matrixcontent_hero` (
  `id` int(11) NOT NULL AUTO_INCREMENT,
  `elementId` int(11) NOT NULL,
  `locale` char(12) COLLATE utf8_unicode_ci NOT NULL,
  `field_hero_tagline` text COLLATE utf8_unicode_ci,
  `field_hero_primaryButton` text COLLATE utf8_unicode_ci,
  `field_hero_secondaryButton` text COLLATE utf8_unicode_ci,
  `dateCreated` datetime NOT NULL,
  `dateUpdated` datetime NOT NULL,
  `uid` char(36) COLLATE utf8_unicode_ci NOT NULL DEFAULT '0',
  PRIMARY KEY (`id`),
  UNIQUE KEY `craft_matrixcontent_hero_elementId_locale_unq_idx` (`elementId`,`locale`),
  KEY `craft_matrixcontent_hero_locale_fk` (`locale`)
) ENGINE=InnoDB AUTO_INCREMENT=7 DEFAULT CHARSET=utf8 COLLATE=utf8_unicode_ci;

--
-- Data for table `craft_matrixcontent_hero`
--

INSERT INTO `craft_matrixcontent_hero` (`id`, `elementId`, `locale`, `field_hero_tagline`, `field_hero_primaryButton`, `field_hero_secondaryButton`, `dateCreated`, `dateUpdated`, `uid`) VALUES
 ('1', '31', 'en_us', 'This is San Francisco', '{\"type\":\"custom\",\"custom\":\"http:\\/\\/www.google.com\",\"text\":\"Clickthrough\"}', '{\"type\":\"custom\",\"custom\":\"http:\\/\\/www.google.com\",\"text\":\"Clickthrough SF\"}', '2015-08-25 17:55:24', '2015-08-25 18:23:42', 'e0b0fba9-eb1e-4a58-9469-fc88f5f79503'),
 ('2', '33', 'en_us', 'This is Munich', '{\"type\":\"custom\",\"custom\":\"http:\\/\\/www.google.com\",\"text\":\"Google Click\"}', '{\"type\":\"custom\",\"custom\":\"http:\\/\\/www.google.com\",\"text\":\"Click Munich\"}', '2015-08-25 17:55:50', '2015-08-25 18:38:09', '2cc813a7-d3bf-4f25-ae56-855b89f1a219'),
 ('3', '34', 'en_us', 'Homepage Tagline', '{\"type\":\"custom\",\"custom\":\"http:\\/\\/www.google.com\",\"text\":\"Click Me\"}', '{\"type\":\"custom\",\"custom\":\"http:\\/\\/www.google.com\",\"text\":\"Watch Video\"}', '2015-08-25 17:59:31', '2015-08-25 18:16:18', '15ca0684-7a39-4d12-867a-2cdf374bc3cc'),
 ('4', '36', 'en_us', 'Montreal Hero', '{\"type\":\"custom\",\"custom\":\"http:\\/\\/www.google.com\",\"text\":\"Montreal Button\"}', '{\"type\":\"custom\",\"custom\":\"http:\\/\\/www.google.com\",\"text\":\"Second Button\"}', '2015-08-25 19:53:09', '2015-08-25 20:03:54', '89e989a0-1b0a-444b-9e11-f49398a11243'),
 ('5', '38', 'en_us', 'Engineering Hero', '{\"type\":\"custom\",\"custom\":\"http:\\/\\/www.google.com\",\"text\":\"Custom Eng\"}', '{\"type\":\"custom\",\"custom\":\"http:\\/\\/www.google.com\",\"text\":\"Second Button\"}', '2015-08-25 20:08:19', '2015-08-25 20:08:19', '0b4b5664-572e-4561-9588-e7f7c887fb46'),
 ('6', '40', 'en_us', 'Boulder Hero', '{\"type\":\"custom\",\"custom\":\"http:\\/\\/www.google.com\",\"text\":\"Custom Boulder\"}', '{\"type\":\"custom\",\"custom\":\"http:\\/\\/www.google.com\",\"text\":\"Second Button\"}', '2015-08-25 20:12:43', '2015-08-25 20:12:43', '35e5261a-2329-42c5-b52d-60b96e93b980');




DROP TABLE IF EXISTS `craft_migrations`;


--
-- Schema for table `craft_migrations`
--
CREATE TABLE `craft_migrations` (
  `id` int(11) NOT NULL AUTO_INCREMENT,
  `pluginId` int(11) DEFAULT NULL,
  `version` varchar(255) COLLATE utf8_unicode_ci NOT NULL,
  `applyTime` datetime NOT NULL,
  `dateCreated` datetime NOT NULL,
  `dateUpdated` datetime NOT NULL,
  `uid` char(36) COLLATE utf8_unicode_ci NOT NULL DEFAULT '0',
  PRIMARY KEY (`id`),
  UNIQUE KEY `craft_migrations_version_unq_idx` (`version`),
  KEY `craft_migrations_pluginId_fk` (`pluginId`)
) ENGINE=InnoDB AUTO_INCREMENT=16 DEFAULT CHARSET=utf8 COLLATE=utf8_unicode_ci;

--
-- Data for table `craft_migrations`
--

INSERT INTO `craft_migrations` (`id`, `pluginId`, `version`, `applyTime`, `dateCreated`, `dateUpdated`, `uid`) VALUES
 ('1', NULL, 'm000000_000000_base', '2015-08-06 15:34:16', '2015-08-06 15:34:16', '2015-08-06 15:34:16', 'f2230b50-ddcc-49fa-84d2-fa1f3f413641'),
 ('2', NULL, 'm140730_000001_add_filename_and_format_to_transformindex', '2015-08-06 15:34:16', '2015-08-06 15:34:16', '2015-08-06 15:34:16', '6d80cd2f-4317-4299-a3ce-3e2ffb0c5ef5'),
 ('3', NULL, 'm140815_000001_add_format_to_transforms', '2015-08-06 15:34:16', '2015-08-06 15:34:16', '2015-08-06 15:34:16', '0cb12184-a0c4-4240-8818-f3d35877d2cd'),
 ('4', NULL, 'm140822_000001_allow_more_than_128_items_per_field', '2015-08-06 15:34:16', '2015-08-06 15:34:16', '2015-08-06 15:34:16', '0a3fdb00-9cf0-4d3c-816a-33b495b1ed32'),
 ('5', NULL, 'm140829_000001_single_title_formats', '2015-08-06 15:34:16', '2015-08-06 15:34:16', '2015-08-06 15:34:16', 'e9315424-6d7c-4fe6-8245-411aa7d08ef6'),
 ('6', NULL, 'm140831_000001_extended_cache_keys', '2015-08-06 15:34:16', '2015-08-06 15:34:16', '2015-08-06 15:34:16', '7eb8e242-e686-4cdb-b53f-ab2f3b64f01d'),
 ('7', NULL, 'm140922_000001_delete_orphaned_matrix_blocks', '2015-08-06 15:34:16', '2015-08-06 15:34:16', '2015-08-06 15:34:16', 'd5271aa3-48bb-472d-8894-6d1a5537c5d0'),
 ('8', NULL, 'm141008_000001_elements_index_tune', '2015-08-06 15:34:16', '2015-08-06 15:34:16', '2015-08-06 15:34:16', '0a8e01a1-cbe4-47fc-89da-bbc71452d367'),
 ('9', NULL, 'm141009_000001_assets_source_handle', '2015-08-06 15:34:16', '2015-08-06 15:34:16', '2015-08-06 15:34:16', '60c36a5a-cef0-46fd-9284-b50e0c182c38'),
 ('10', NULL, 'm141024_000001_field_layout_tabs', '2015-08-06 15:34:16', '2015-08-06 15:34:16', '2015-08-06 15:34:16', '9324bbd0-883c-43f8-aae0-27e2ef6fb324'),
 ('11', NULL, 'm141030_000001_drop_structure_move_permission', '2015-08-06 15:34:16', '2015-08-06 15:34:16', '2015-08-06 15:34:16', '390de1d0-b60b-448e-9bb4-794c78244df3'),
 ('12', NULL, 'm141103_000001_tag_titles', '2015-08-06 15:34:16', '2015-08-06 15:34:16', '2015-08-06 15:34:16', '10a7e3a5-e35c-432b-a2d0-0230760b004b'),
 ('13', NULL, 'm141109_000001_user_status_shuffle', '2015-08-06 15:34:16', '2015-08-06 15:34:16', '2015-08-06 15:34:16', '32b54edf-bd3e-4bf3-ab2c-b873584c1ace'),
 ('14', NULL, 'm141126_000001_user_week_start_day', '2015-08-06 15:34:16', '2015-08-06 15:34:16', '2015-08-06 15:34:16', '84c2b392-9b07-4d84-8f52-b76e070766e7'),
 ('15', NULL, 'm150210_000001_adjust_user_photo_size', '2015-08-06 15:34:16', '2015-08-06 15:34:16', '2015-08-06 15:34:16', '537f5c93-2962-4e91-b4db-f9d5014b9e1e');




DROP TABLE IF EXISTS `craft_plugins`;


--
-- Schema for table `craft_plugins`
--
CREATE TABLE `craft_plugins` (
  `id` int(11) NOT NULL AUTO_INCREMENT,
  `class` varchar(150) COLLATE utf8_unicode_ci NOT NULL,
  `version` char(15) COLLATE utf8_unicode_ci NOT NULL,
  `enabled` tinyint(1) unsigned NOT NULL DEFAULT '0',
  `settings` text COLLATE utf8_unicode_ci,
  `installDate` datetime NOT NULL,
  `dateCreated` datetime NOT NULL,
  `dateUpdated` datetime NOT NULL,
  `uid` char(36) COLLATE utf8_unicode_ci NOT NULL DEFAULT '0',
  PRIMARY KEY (`id`)
) ENGINE=InnoDB AUTO_INCREMENT=2 DEFAULT CHARSET=utf8 COLLATE=utf8_unicode_ci;

--
-- Data for table `craft_plugins`
--

INSERT INTO `craft_plugins` (`id`, `class`, `version`, `enabled`, `settings`, `installDate`, `dateCreated`, `dateUpdated`, `uid`) VALUES
 ('1', 'Linkit', '0.9.1', '1', NULL, '2015-08-17 18:09:29', '2015-08-17 18:09:29', '2015-08-17 18:09:29', '7770b918-cc65-4ddc-8233-6ac517611648');




DROP TABLE IF EXISTS `craft_rackspaceaccess`;


--
-- Schema for table `craft_rackspaceaccess`
--
CREATE TABLE `craft_rackspaceaccess` (
  `id` int(11) NOT NULL AUTO_INCREMENT,
  `connectionKey` varchar(255) COLLATE utf8_unicode_ci NOT NULL,
  `token` varchar(255) COLLATE utf8_unicode_ci NOT NULL,
  `storageUrl` varchar(255) COLLATE utf8_unicode_ci NOT NULL,
  `cdnUrl` varchar(255) COLLATE utf8_unicode_ci NOT NULL,
  `dateCreated` datetime NOT NULL,
  `dateUpdated` datetime NOT NULL,
  `uid` char(36) COLLATE utf8_unicode_ci NOT NULL DEFAULT '0',
  PRIMARY KEY (`id`),
  UNIQUE KEY `craft_rackspaceaccess_connectionKey_unq_idx` (`connectionKey`)
) ENGINE=InnoDB DEFAULT CHARSET=utf8 COLLATE=utf8_unicode_ci;

DROP TABLE IF EXISTS `craft_relations`;


--
-- Schema for table `craft_relations`
--
CREATE TABLE `craft_relations` (
  `id` int(11) NOT NULL AUTO_INCREMENT,
  `fieldId` int(11) NOT NULL,
  `sourceId` int(11) NOT NULL,
  `sourceLocale` char(12) COLLATE utf8_unicode_ci DEFAULT NULL,
  `targetId` int(11) NOT NULL,
  `sortOrder` smallint(6) DEFAULT NULL,
  `dateCreated` datetime NOT NULL,
  `dateUpdated` datetime NOT NULL,
  `uid` char(36) COLLATE utf8_unicode_ci NOT NULL DEFAULT '0',
  PRIMARY KEY (`id`),
  UNIQUE KEY `craft_relations_fieldId_sourceId_sourceLocale_targetId_unq_idx` (`fieldId`,`sourceId`,`sourceLocale`,`targetId`),
  KEY `craft_relations_sourceId_fk` (`sourceId`),
  KEY `craft_relations_sourceLocale_fk` (`sourceLocale`),
  KEY `craft_relations_targetId_fk` (`targetId`)
) ENGINE=InnoDB AUTO_INCREMENT=234 DEFAULT CHARSET=utf8 COLLATE=utf8_unicode_ci;

--
-- Data for table `craft_relations`
--

INSERT INTO `craft_relations` (`id`, `fieldId`, `sourceId`, `sourceLocale`, `targetId`, `sortOrder`, `dateCreated`, `dateUpdated`, `uid`) VALUES
 ('4', '74', '43', NULL, '39', '1', '2015-12-15 16:25:14', '2015-12-15 16:25:14', 'e5dd09ae-6fe5-4198-9ecd-ddc5738e65fa'),
 ('5', '73', '43', NULL, '37', '1', '2015-12-15 16:25:14', '2015-12-15 16:25:14', '782b36f0-ae6f-4250-8beb-1d50cdd2c5d0'),
 ('109', '77', '48', NULL, '54', '1', '2015-12-22 18:43:06', '2015-12-22 18:43:06', 'e836831c-75a6-4372-b00a-f3c4bcc25d85'),
 ('110', '77', '47', NULL, '55', '1', '2015-12-22 18:43:18', '2015-12-22 18:43:18', '66309357-4e1e-4e61-a3aa-d38336ff82d9'),
 ('111', '77', '46', NULL, '56', '1', '2015-12-22 18:43:35', '2015-12-22 18:43:35', 'bb5d4521-0d86-4921-b06a-1940cf01071c'),
 ('223', '85', '34', NULL, '5', '1', '2015-12-23 01:04:17', '2015-12-23 01:04:17', '285f43ee-6cf6-4f31-b19a-f367827e5f1d'),
 ('224', '71', '41', NULL, '53', '1', '2015-12-23 01:04:17', '2015-12-23 01:04:17', 'bc94bc33-6044-468b-9658-86c50e908668'),
 ('225', '83', '49', NULL, '48', '1', '2015-12-23 01:04:17', '2015-12-23 01:04:17', '31de95c7-5f09-4e65-99c0-29d3e4d7fc77'),
 ('226', '83', '49', NULL, '46', '2', '2015-12-23 01:04:17', '2015-12-23 01:04:17', '33d87cbf-d45e-4a8b-9d93-5b20ffc38d90'),
 ('227', '83', '49', NULL, '47', '3', '2015-12-23 01:04:17', '2015-12-23 01:04:17', '655a4670-c784-4e5c-8009-3342550ff8be'),
 ('228', '105', '45', NULL, '57', '1', '2015-12-23 01:04:17', '2015-12-23 01:04:17', '175dca89-c47f-47e0-b0fd-73b23bf7fbb1'),
 ('229', '91', '59', NULL, '58', '1', '2015-12-23 01:04:17', '2015-12-23 01:04:17', 'dff2b706-80a4-408d-8947-ad85d877ae73'),
 ('230', '102', '61', NULL, '60', '1', '2015-12-23 01:04:17', '2015-12-23 01:04:17', 'c6ba7cf3-fbb3-4acd-9e72-e22d1136cd9f'),
 ('231', '106', '66', NULL, '63', '1', '2015-12-23 01:04:17', '2015-12-23 01:04:17', '0fb43b98-8ee2-4552-8479-945891a0bcce'),
 ('232', '113', '66', NULL, '64', '1', '2015-12-23 01:04:17', '2015-12-23 01:04:17', '5fbe0ac1-bb4f-4f03-9512-69e1530bbd88'),
 ('233', '114', '66', NULL, '65', '1', '2015-12-23 01:04:17', '2015-12-23 01:04:17', 'af423bb4-47b3-4b9e-bd32-76c6dbad47bb');




DROP TABLE IF EXISTS `craft_routes`;


--
-- Schema for table `craft_routes`
--
CREATE TABLE `craft_routes` (
  `id` int(11) NOT NULL AUTO_INCREMENT,
  `locale` char(12) COLLATE utf8_unicode_ci DEFAULT NULL,
  `urlParts` varchar(255) COLLATE utf8_unicode_ci NOT NULL,
  `urlPattern` varchar(255) COLLATE utf8_unicode_ci NOT NULL,
  `template` varchar(255) COLLATE utf8_unicode_ci NOT NULL,
  `sortOrder` tinyint(4) DEFAULT NULL,
  `dateCreated` datetime NOT NULL,
  `dateUpdated` datetime NOT NULL,
  `uid` char(36) COLLATE utf8_unicode_ci NOT NULL DEFAULT '0',
  PRIMARY KEY (`id`),
  UNIQUE KEY `craft_routes_urlPattern_unq_idx` (`urlPattern`),
  KEY `craft_routes_locale_idx` (`locale`)
) ENGINE=InnoDB DEFAULT CHARSET=utf8 COLLATE=utf8_unicode_ci;

DROP TABLE IF EXISTS `craft_searchindex`;


--
-- Schema for table `craft_searchindex`
--
CREATE TABLE `craft_searchindex` (
  `elementId` int(11) NOT NULL,
  `attribute` varchar(25) COLLATE utf8_unicode_ci NOT NULL,
  `fieldId` int(11) NOT NULL,
  `locale` char(12) COLLATE utf8_unicode_ci NOT NULL,
  `keywords` text COLLATE utf8_unicode_ci NOT NULL,
  PRIMARY KEY (`elementId`,`attribute`,`fieldId`,`locale`),
  FULLTEXT KEY `craft_searchindex_keywords_idx` (`keywords`)
) ENGINE=MyISAM DEFAULT CHARSET=utf8 COLLATE=utf8_unicode_ci;

--
-- Data for table `craft_searchindex`
--

INSERT INTO `craft_searchindex` (`elementId`, `attribute`, `fieldId`, `locale`, `keywords`) VALUES
 ('1', 'username', '0', 'en_us', ' webadmin '),
 ('1', 'firstname', '0', 'en_us', ''),
 ('1', 'lastname', '0', 'en_us', ''),
 ('1', 'fullname', '0', 'en_us', ''),
 ('1', 'email', '0', 'en_us', ' webadmin appdirect com '),
 ('1', 'slug', '0', 'en_us', ''),
 ('2', 'slug', '0', 'en_us', ' homepage '),
 ('2', 'title', '0', 'en_us', ' home '),
 ('2', 'field', '1', 'en_us', ' it s true this site doesn t have a whole lot of content yet but don t worry our web developers have just installed the cms and they re setting things up for the content editors this very moment soon careers dev will be an oasis of fresh perspectives sharp analyses and astute opinions that will keep you coming back again and again '),
 ('34', 'slug', '0', 'en_us', ''),
 ('34', 'field', '65', 'en_us', ' custom http www google com watch video watch video watch video http www google com '),
 ('2', 'field', '3', 'en_us', ' frontend developer san francisco engineering http www google com frontend developer san francisco engineering http www google com backend developer san francisco engineering http www google com backend developer san francisco engineering http www google com frontend developer montreal engineering http www google com frontend developer montreal engineering http www google com sales associate san francisco sales http www google com sales associate san francisco sales http www google com product manager montreal product http www google com product manager montreal product http www google com product manager san francisco product http www google com product manager san francisco product http www google com '),
 ('2', 'field', '4', 'en_us', ' careers hero custom see job openings see job openings see job openings custom mkzzdkt5rd watch video watch video watch video mkzzdkt5rd create your career shape the industry and drive the future of it '),
 ('5', 'filename', '0', 'en_us', ' careers hero jpg '),
 ('5', 'extension', '0', 'en_us', ' jpg '),
 ('5', 'kind', '0', 'en_us', ' image '),
 ('5', 'slug', '0', 'en_us', ' careers hero '),
 ('5', 'title', '0', 'en_us', ' careers hero '),
 ('33', 'field', '64', 'en_us', ' custom http www google com google click google click google click http www google com '),
 ('33', 'field', '65', 'en_us', ' custom http www google com click munich click munich click munich http www google com '),
 ('33', 'slug', '0', 'en_us', ''),
 ('2', 'field', '62', 'en_us', ' careers hero technology that helps them discover the software tools that develop ers and individuals like you are building for exciting industries all over the globe come disrupt how software is discovered and consumed with talented but humble people from every walk of life custom http www google com see job openings see job openings see job openings http www google com custom http www google com watch video watch video watch video http www google com at appdirect you ll build technology that helps millions of businesses become more successful every day light seven fusce dapibus tellus ac cursus commodo tortor mauris condi mentum nibh ut fermentum massa justo sit amet risus integer posuere erat a ante venenatis dapibus posuere velit aliquet cum sociis natoque penatibus et magnis dis parturient montes nascetur ridiculus mus nulla vitae elit libero we re a commerce platform for finding buying and selling cloud software fpo whatwedo what we do custom http www appdirect com learn more learn more learn more http www appdirect com left whatwedo light jihan vince bonanno adi fusce dapibus tellus ac cursus commodo tortor mauris condi mentum nibh ut fermentum massa justo sit amet risus integer posuere erat a ante venenatis dapibus posuere velit aliquet cum sociis natoque penatibus et magnis dis parturient montes nasce tur ridiculus mus nulla vitae elit libero duis mollis est commodo luctus nisi erat porttitor ligula eget lacinia odio sem nec elit cum sociis natoque magnis parturient montes careers teams teams right teams dark in addition to a competitive benefits package we offer wellness programs catered meals fully stocked kitchens and regular sponsored events out beautiful and newly renovated office spaces create a relaxed open atmosphere where you can easily collaborate with colleagues or find space for solo contemplation at appdirect we strive to create a work environment where team members are motivated to amplify our culture perks careers perks left perks light text left and we continue to grow helping businesses harness the power of cloud software around the world in the americas in europe and in asia at appdirect we are building a company not just with global reach but with global presence we are headquartered in san francisco with satellite offices in montreal canada and munich germany careers locations locations locations dark office sf office montreal office munich duis mollis est non commodo luctus nisi erat porttitor ligula eget lacinia odio elit cum sociis natoque penatibus magnis parturient jobs '),
 ('59', 'field', '88', 'en_us', ' at appdirect we strive to create a work environment where team members are motivated to amplify our culture '),
 ('59', 'field', '89', 'en_us', ' in addition to a competitive benefits package we offer wellness programs catered meals fully stocked kitchens and regular sponsored events out beautiful and newly renovated office spaces create a relaxed open atmosphere where you can easily collaborate with colleagues or find space for solo contemplation '),
 ('2', 'field', '9', 'en_us', ' we offer a cloud service marketplace and management platform that enables companies to distribute web based services the global network of appdirect powered marketplaces allows businesses to find buy and manage the best applications the cloud has to offer learn more column cta 1 what we do we re a commerce platform for finding buying and selling cloud software '),
 ('34', 'field', '63', 'en_us', ' at appdirect you ll build technology that helps millions of businesses become more successful every day '),
 ('34', 'field', '64', 'en_us', ' custom http www google com see job openings see job openings see job openings http www google com '),
 ('9', 'filename', '0', 'en_us', ' column cta 1 png '),
 ('9', 'extension', '0', 'en_us', ' png '),
 ('9', 'kind', '0', 'en_us', ' image '),
 ('9', 'slug', '0', 'en_us', ' column cta 1 '),
 ('9', 'title', '0', 'en_us', ' column cta 1 '),
 ('2', 'field', '14', 'en_us', ' product reach corporate employees corporate san francisco hq corporate lorem corporate 5 global offices corporate '),
 ('11', 'filename', '0', 'en_us', ' corporate png '),
 ('11', 'extension', '0', 'en_us', ' png '),
 ('11', 'kind', '0', 'en_us', ' image '),
 ('11', 'slug', '0', 'en_us', ' corporate '),
 ('11', 'title', '0', 'en_us', ' corporate '),
 ('2', 'field', '57', 'en_us', ' we offer a cloud service marketplace and management platform that enables companies to distribute web based services the global network of appdirect powered marketplaces allows businesses to find buy and manage the best applications the cloud has to offer learn more what we do we re a commerce platform for finding buying and selling cloud software '),
 ('31', 'field', '64', 'en_us', ' custom http www google com clickthrough clickthrough clickthrough http www google com '),
 ('31', 'slug', '0', 'en_us', ''),
 ('32', 'field', '62', 'en_us', ' custom http www google com google click google click google click http www google com custom http www google com click munich click munich click munich http www google com this is munich '),
 ('31', 'field', '65', 'en_us', ' custom http www google com clickthrough sf clickthrough sf clickthrough sf http www google com '),
 ('2', 'field', '52', 'en_us', ' custom see job openingsss see job openingsss see job openingsss custom mkzzdkt5rd watch video watch video watch video mkzzdkt5rd create your career shape the industry and drive the future of it '),
 ('2', 'field', '19', 'en_us', ' video callout custom mkzzdkt5rd mkzzdkt5rd mkzzdkt5rd mkzzdkt5rd firstname lastname title i love working at appdirect because everyone has the chance to make a meaningful impact on our product and vision '),
 ('22', 'filename', '0', 'en_us', ' video callout jpg '),
 ('22', 'extension', '0', 'en_us', ' jpg '),
 ('22', 'kind', '0', 'en_us', ' image '),
 ('22', 'slug', '0', 'en_us', ' video callout '),
 ('22', 'title', '0', 'en_us', ' video callout '),
 ('35', 'field', '62', 'en_us', ' custom http www google com montreal button montreal button montreal button http www google com custom http www google com second button second button second button http www google com montreal hero '),
 ('32', 'slug', '0', 'en_us', ' munich '),
 ('32', 'title', '0', 'en_us', ' munich '),
 ('33', 'field', '63', 'en_us', ' this is munich '),
 ('31', 'field', '63', 'en_us', ' this is san francisco '),
 ('30', 'title', '0', 'en_us', ' san francisco '),
 ('30', 'slug', '0', 'en_us', ' san francisco '),
 ('30', 'field', '62', 'en_us', ' custom http www google com clickthrough clickthrough clickthrough http www google com custom http www google com clickthrough sf clickthrough sf clickthrough sf http www google com this is san francisco '),
 ('35', 'slug', '0', 'en_us', ' montreal '),
 ('35', 'title', '0', 'en_us', ' montreal '),
 ('36', 'field', '63', 'en_us', ' montreal hero '),
 ('36', 'field', '64', 'en_us', ' custom http www google com montreal button montreal button montreal button http www google com '),
 ('36', 'field', '65', 'en_us', ' custom http www google com second button second button second button http www google com '),
 ('36', 'slug', '0', 'en_us', ''),
 ('37', 'field', '62', 'en_us', ' custom http www google com custom eng custom eng custom eng http www google com custom http www google com second button second button second button http www google com engineering hero '),
 ('37', 'slug', '0', 'en_us', ' engineering '),
 ('37', 'title', '0', 'en_us', ' engineering '),
 ('38', 'field', '63', 'en_us', ' engineering hero '),
 ('38', 'field', '64', 'en_us', ' custom http www google com custom eng custom eng custom eng http www google com '),
 ('38', 'field', '65', 'en_us', ' custom http www google com second button second button second button http www google com '),
 ('38', 'slug', '0', 'en_us', ''),
 ('39', 'field', '62', 'en_us', ' custom http www google com custom boulder custom boulder custom boulder http www google com custom http www google com second button second button second button http www google com boulder hero '),
 ('39', 'slug', '0', 'en_us', ' boulder '),
 ('39', 'title', '0', 'en_us', ' boulder '),
 ('40', 'field', '63', 'en_us', ' boulder hero '),
 ('40', 'field', '64', 'en_us', ' custom http www google com custom boulder custom boulder custom boulder http www google com '),
 ('40', 'field', '65', 'en_us', ' custom http www google com second button second button second button http www google com '),
 ('40', 'slug', '0', 'en_us', ''),
 ('34', 'field', '66', 'en_us', ' technology that helps them discover the software tools that develop ers and individuals like you are building for exciting industries all over the globe come disrupt how software is discovered and consumed with talented but humble people from every walk of life '),
 ('41', 'field', '67', 'en_us', ' what we do '),
 ('41', 'field', '68', 'en_us', ' we re a commerce platform for finding buying and selling cloud software '),
 ('41', 'field', '69', 'en_us', ' fusce dapibus tellus ac cursus commodo tortor mauris condi mentum nibh ut fermentum massa justo sit amet risus integer posuere erat a ante venenatis dapibus posuere velit aliquet cum sociis natoque penatibus et magnis dis parturient montes nascetur ridiculus mus nulla vitae elit libero '),
 ('41', 'field', '70', 'en_us', ' custom http www appdirect com learn more learn more learn more http www appdirect com '),
 ('41', 'field', '71', 'en_us', ' fpo whatwedo '),
 ('41', 'slug', '0', 'en_us', ''),
 ('42', 'field', '72', 'en_us', ' duis mollis est non commodo luctus nisi erat porttitor ligula eget lacinia odio elit cum sociis natoque penatibus magnis parturient '),
 ('42', 'slug', '0', 'en_us', ''),
 ('43', 'field', '74', 'en_us', ' boulder '),
 ('43', 'field', '73', 'en_us', ' engineering '),
 ('43', 'slug', '0', 'en_us', ' test boulder job '),
 ('43', 'title', '0', 'en_us', ' test boulder job '),
 ('43', 'field', '75', 'en_us', ''),
 ('45', 'field', '67', 'en_us', ' teams '),
 ('45', 'field', '68', 'en_us', ' duis mollis est commodo luctus nisi erat porttitor ligula eget lacinia odio sem nec elit cum sociis natoque magnis parturient montes '),
 ('45', 'field', '69', 'en_us', ' fusce dapibus tellus ac cursus commodo tortor mauris condi mentum nibh ut fermentum massa justo sit amet risus integer posuere erat a ante venenatis dapibus posuere velit aliquet cum sociis natoque penatibus et magnis dis parturient montes nasce tur ridiculus mus nulla vitae elit libero '),
 ('45', 'field', '70', 'en_us', ''),
 ('45', 'field', '71', 'en_us', ''),
 ('45', 'slug', '0', 'en_us', ''),
 ('46', 'field', '81', 'en_us', ' 09m6mteg0f '),
 ('46', 'field', '77', 'en_us', ' careers profiles vince ');

INSERT INTO `craft_searchindex` (`elementId`, `attribute`, `fieldId`, `locale`, `keywords`) VALUES
 ('46', 'field', '82', 'en_us', ' watch video '),
 ('46', 'field', '78', 'en_us', ' duis mollis est non commo do luctus nisi erat porttitor ligula eget lacinia odio sem nec elit cum sociis natoque penatibus magnis parturi ent montes nascetur '),
 ('46', 'field', '79', 'en_us', ' vince bonanno '),
 ('46', 'field', '80', 'en_us', ' title '),
 ('46', 'slug', '0', 'en_us', ' vince bonanno '),
 ('46', 'title', '0', 'en_us', ' vince bonanno '),
 ('47', 'field', '81', 'en_us', ' 1zw915bp5e '),
 ('47', 'field', '77', 'en_us', ' careers profiles adi '),
 ('47', 'field', '82', 'en_us', ' watch video '),
 ('47', 'field', '78', 'en_us', ' duis mollis est non commo do luctus nisi erat porttitor ligula eget lacinia odio sem nec elit cum sociis natoque penatibus magnis parturi ent montes nascetur '),
 ('47', 'field', '79', 'en_us', ' adi '),
 ('47', 'field', '80', 'en_us', ' title '),
 ('47', 'slug', '0', 'en_us', ' adi '),
 ('47', 'title', '0', 'en_us', ' adi '),
 ('48', 'field', '81', 'en_us', ' zjw45tcpij '),
 ('48', 'field', '77', 'en_us', ' careers profiles jihan '),
 ('48', 'field', '82', 'en_us', ' watch video '),
 ('48', 'field', '78', 'en_us', ' duis mollis est non commo do luctus nisi erat porttitor ligula eget lacinia odio sem nec elit cum sociis natoque penatibus magnis parturi ent montes nascetur '),
 ('48', 'field', '79', 'en_us', ' jihan '),
 ('48', 'field', '80', 'en_us', ' title '),
 ('48', 'slug', '0', 'en_us', ' jihan '),
 ('48', 'title', '0', 'en_us', ' jihan '),
 ('49', 'field', '83', 'en_us', ' jihan vince bonanno adi '),
 ('49', 'slug', '0', 'en_us', ''),
 ('34', 'field', '84', 'en_us', ''),
 ('61', 'field', '98', 'en_us', ' locations '),
 ('61', 'field', '99', 'en_us', ' we are headquartered in san francisco with satellite offices in montreal canada and munich germany '),
 ('61', 'field', '100', 'en_us', ' and we continue to grow helping businesses harness the power of cloud software around the world in the americas in europe and in asia at appdirect we are building a company not just with global reach but with global presence '),
 ('34', 'field', '85', 'en_us', ' careers hero '),
 ('41', 'field', '86', 'en_us', ' left '),
 ('45', 'field', '86', 'en_us', ' right '),
 ('60', 'extension', '0', 'en_us', ' jpg '),
 ('60', 'kind', '0', 'en_us', ' image '),
 ('60', 'slug', '0', 'en_us', ' careers locations '),
 ('60', 'title', '0', 'en_us', ' careers locations '),
 ('45', 'field', '97', 'en_us', ' dark '),
 ('60', 'filename', '0', 'en_us', ' careers_locations jpg '),
 ('41', 'field', '97', 'en_us', ' light '),
 ('34', 'field', '96', 'en_us', ' light '),
 ('34', 'field', '95', 'en_us', ' seven '),
 ('53', 'filename', '0', 'en_us', ' fpo whatwedo svg '),
 ('53', 'extension', '0', 'en_us', ' svg '),
 ('53', 'kind', '0', 'en_us', ' image '),
 ('53', 'slug', '0', 'en_us', ''),
 ('53', 'title', '0', 'en_us', ' fpo whatwedo '),
 ('54', 'filename', '0', 'en_us', ' careers_profiles_jihan jpg '),
 ('54', 'extension', '0', 'en_us', ' jpg '),
 ('54', 'kind', '0', 'en_us', ' image '),
 ('54', 'slug', '0', 'en_us', ''),
 ('54', 'title', '0', 'en_us', ' careers profiles jihan '),
 ('55', 'filename', '0', 'en_us', ' careers_profiles_adi jpg '),
 ('55', 'extension', '0', 'en_us', ' jpg '),
 ('55', 'kind', '0', 'en_us', ' image '),
 ('55', 'slug', '0', 'en_us', ''),
 ('55', 'title', '0', 'en_us', ' careers profiles adi '),
 ('56', 'filename', '0', 'en_us', ' careers_profiles_vince jpg '),
 ('56', 'extension', '0', 'en_us', ' jpg '),
 ('56', 'kind', '0', 'en_us', ' image '),
 ('56', 'slug', '0', 'en_us', ''),
 ('56', 'title', '0', 'en_us', ' careers profiles vince '),
 ('57', 'filename', '0', 'en_us', ' careers_teams jpg '),
 ('57', 'extension', '0', 'en_us', ' jpg '),
 ('57', 'kind', '0', 'en_us', ' image '),
 ('57', 'slug', '0', 'en_us', ' careers teams '),
 ('57', 'title', '0', 'en_us', ' careers teams '),
 ('59', 'field', '87', 'en_us', ' perks '),
 ('45', 'field', '105', 'en_us', ' careers teams '),
 ('58', 'filename', '0', 'en_us', ' careers_perks jpg '),
 ('58', 'extension', '0', 'en_us', ' jpg '),
 ('58', 'kind', '0', 'en_us', ' image '),
 ('58', 'slug', '0', 'en_us', ' careers perks '),
 ('58', 'title', '0', 'en_us', ' careers perks '),
 ('59', 'field', '90', 'en_us', ''),
 ('59', 'field', '91', 'en_us', ' careers perks '),
 ('59', 'field', '92', 'en_us', ' left '),
 ('59', 'field', '93', 'en_us', ' light '),
 ('59', 'field', '94', 'en_us', ' text '),
 ('59', 'slug', '0', 'en_us', ''),
 ('61', 'field', '101', 'en_us', ''),
 ('61', 'field', '102', 'en_us', ' careers locations '),
 ('61', 'field', '103', 'en_us', ' left '),
 ('61', 'field', '104', 'en_us', ' dark '),
 ('61', 'slug', '0', 'en_us', ''),
 ('41', 'field', '105', 'en_us', ''),
 ('62', 'slug', '0', 'en_us', ' san francisco '),
 ('62', 'title', '0', 'en_us', ' san francisco '),
 ('41', 'field', '108', 'en_us', ' whatwedo '),
 ('45', 'field', '108', 'en_us', ' teams '),
 ('59', 'field', '110', 'en_us', ' perks '),
 ('61', 'field', '111', 'en_us', ' locations '),
 ('42', 'field', '109', 'en_us', ' jobs '),
 ('63', 'filename', '0', 'en_us', ' office_sf svg '),
 ('63', 'extension', '0', 'en_us', ' svg '),
 ('63', 'kind', '0', 'en_us', ' image '),
 ('63', 'slug', '0', 'en_us', ''),
 ('63', 'title', '0', 'en_us', ' office sf '),
 ('64', 'filename', '0', 'en_us', ' office_montreal svg '),
 ('64', 'extension', '0', 'en_us', ' svg '),
 ('64', 'kind', '0', 'en_us', ' image '),
 ('64', 'slug', '0', 'en_us', '');

INSERT INTO `craft_searchindex` (`elementId`, `attribute`, `fieldId`, `locale`, `keywords`) VALUES
 ('64', 'title', '0', 'en_us', ' office montreal '),
 ('65', 'filename', '0', 'en_us', ' office_munich svg '),
 ('65', 'extension', '0', 'en_us', ' svg '),
 ('65', 'kind', '0', 'en_us', ' image '),
 ('65', 'slug', '0', 'en_us', ''),
 ('65', 'title', '0', 'en_us', ' office munich '),
 ('49', 'field', '112', 'en_us', ''),
 ('66', 'field', '106', 'en_us', ' office sf '),
 ('66', 'field', '113', 'en_us', ' office montreal '),
 ('66', 'field', '114', 'en_us', ' office munich '),
 ('66', 'slug', '0', 'en_us', ''),
 ('67', 'field', '76', 'en_us', ''),
 ('67', 'slug', '0', 'en_us', '');




DROP TABLE IF EXISTS `craft_sections`;


--
-- Schema for table `craft_sections`
--
CREATE TABLE `craft_sections` (
  `id` int(11) NOT NULL AUTO_INCREMENT,
  `structureId` int(11) DEFAULT NULL,
  `name` varchar(255) COLLATE utf8_unicode_ci NOT NULL,
  `handle` varchar(255) COLLATE utf8_unicode_ci NOT NULL,
  `type` enum('single','channel','structure') COLLATE utf8_unicode_ci NOT NULL DEFAULT 'channel',
  `hasUrls` tinyint(1) unsigned NOT NULL DEFAULT '1',
  `template` varchar(500) COLLATE utf8_unicode_ci DEFAULT NULL,
  `enableVersioning` tinyint(1) unsigned NOT NULL DEFAULT '0',
  `dateCreated` datetime NOT NULL,
  `dateUpdated` datetime NOT NULL,
  `uid` char(36) COLLATE utf8_unicode_ci NOT NULL DEFAULT '0',
  PRIMARY KEY (`id`),
  UNIQUE KEY `craft_sections_name_unq_idx` (`name`),
  UNIQUE KEY `craft_sections_handle_unq_idx` (`handle`),
  KEY `craft_sections_structureId_fk` (`structureId`)
) ENGINE=InnoDB AUTO_INCREMENT=10 DEFAULT CHARSET=utf8 COLLATE=utf8_unicode_ci;

--
-- Data for table `craft_sections`
--

INSERT INTO `craft_sections` (`id`, `structureId`, `name`, `handle`, `type`, `hasUrls`, `template`, `enableVersioning`, `dateCreated`, `dateUpdated`, `uid`) VALUES
 ('1', NULL, 'Homepage', 'homepage', 'single', '1', 'index', '1', '2015-08-06 15:34:19', '2015-08-12 21:26:31', '87922ae4-f5e0-473c-8f95-94217c06db7a'),
 ('5', NULL, 'Locations', 'locations', 'channel', '1', 'locations', '1', '2015-08-25 17:43:20', '2015-08-25 18:01:36', 'e88cebe9-17e5-400e-8373-b65fcbd3f6fd'),
 ('6', NULL, 'Teams', 'teams', 'channel', '1', 'teams', '1', '2015-08-25 20:06:36', '2015-08-25 20:06:36', 'e02fa46e-808c-4e66-84c2-8970ca0dec8d'),
 ('7', NULL, 'Jobs', 'jobs', 'channel', '1', 'jobs/_entry', '1', '2015-12-15 16:20:01', '2015-12-15 16:20:01', '322ffb7d-2002-4974-b7ae-1022c8706673'),
 ('8', NULL, 'Videos', 'videos', 'channel', '0', NULL, '1', '2015-12-16 16:53:26', '2015-12-22 22:29:14', '7690b538-ad3b-4769-8854-23cecf22e023'),
 ('9', NULL, 'Location Illustrations', 'locationIllustrations', 'channel', '0', NULL, '1', '2015-12-22 22:27:28', '2015-12-22 22:29:18', 'ffc7bfc3-54af-4dfa-bf9f-396c9701868b');




DROP TABLE IF EXISTS `craft_sections_i18n`;


--
-- Schema for table `craft_sections_i18n`
--
CREATE TABLE `craft_sections_i18n` (
  `id` int(11) NOT NULL AUTO_INCREMENT,
  `sectionId` int(11) NOT NULL,
  `locale` char(12) COLLATE utf8_unicode_ci NOT NULL,
  `enabledByDefault` tinyint(1) unsigned NOT NULL DEFAULT '1',
  `urlFormat` varchar(255) COLLATE utf8_unicode_ci DEFAULT NULL,
  `nestedUrlFormat` varchar(255) COLLATE utf8_unicode_ci DEFAULT NULL,
  `dateCreated` datetime NOT NULL,
  `dateUpdated` datetime NOT NULL,
  `uid` char(36) COLLATE utf8_unicode_ci NOT NULL DEFAULT '0',
  PRIMARY KEY (`id`),
  UNIQUE KEY `craft_sections_i18n_sectionId_locale_unq_idx` (`sectionId`,`locale`),
  KEY `craft_sections_i18n_locale_fk` (`locale`)
) ENGINE=InnoDB AUTO_INCREMENT=10 DEFAULT CHARSET=utf8 COLLATE=utf8_unicode_ci;

--
-- Data for table `craft_sections_i18n`
--

INSERT INTO `craft_sections_i18n` (`id`, `sectionId`, `locale`, `enabledByDefault`, `urlFormat`, `nestedUrlFormat`, `dateCreated`, `dateUpdated`, `uid`) VALUES
 ('1', '1', 'en_us', '0', '__home__', NULL, '2015-08-06 15:34:19', '2015-08-12 21:26:26', '156942dc-b8cf-49ea-b54d-a6b84eb743a4'),
 ('5', '5', 'en_us', '0', 'locations/{slug}', NULL, '2015-08-25 17:43:20', '2015-08-25 17:43:20', '8ce64a4b-aa22-4de9-9b02-1775c5e9b750'),
 ('6', '6', 'en_us', '0', 'teams/{slug}', NULL, '2015-08-25 20:06:36', '2015-08-25 20:06:36', 'd095bbab-e863-4700-94e8-da7944231715'),
 ('7', '7', 'en_us', '0', 'jobs/{slug}', NULL, '2015-12-15 16:20:01', '2015-12-15 16:20:01', 'd417e282-644c-4fa5-8e69-0bf0b61fff4b'),
 ('8', '8', 'en_us', '0', NULL, NULL, '2015-12-16 16:53:26', '2015-12-16 16:53:26', '54e658f7-0185-4917-bc1f-2fc3eec1bfe6'),
 ('9', '9', 'en_us', '0', NULL, NULL, '2015-12-22 22:27:28', '2015-12-22 22:29:10', 'dcc5d809-33c1-4375-b708-0a92ee98af5c');




DROP TABLE IF EXISTS `craft_sessions`;


--
-- Schema for table `craft_sessions`
--
CREATE TABLE `craft_sessions` (
  `id` int(11) NOT NULL AUTO_INCREMENT,
  `userId` int(11) NOT NULL,
  `token` char(100) COLLATE utf8_unicode_ci NOT NULL,
  `dateCreated` datetime NOT NULL,
  `dateUpdated` datetime NOT NULL,
  `uid` char(36) COLLATE utf8_unicode_ci NOT NULL DEFAULT '0',
  PRIMARY KEY (`id`),
  KEY `craft_sessions_uid_idx` (`uid`),
  KEY `craft_sessions_token_idx` (`token`),
  KEY `craft_sessions_dateUpdated_idx` (`dateUpdated`),
  KEY `craft_sessions_userId_fk` (`userId`)
) ENGINE=InnoDB AUTO_INCREMENT=18 DEFAULT CHARSET=utf8 COLLATE=utf8_unicode_ci;

DROP TABLE IF EXISTS `craft_shunnedmessages`;


--
-- Schema for table `craft_shunnedmessages`
--
CREATE TABLE `craft_shunnedmessages` (
  `id` int(11) NOT NULL AUTO_INCREMENT,
  `userId` int(11) NOT NULL,
  `message` varchar(255) COLLATE utf8_unicode_ci NOT NULL,
  `expiryDate` datetime DEFAULT NULL,
  `dateCreated` datetime NOT NULL,
  `dateUpdated` datetime NOT NULL,
  `uid` char(36) COLLATE utf8_unicode_ci NOT NULL DEFAULT '0',
  PRIMARY KEY (`id`),
  UNIQUE KEY `craft_shunnedmessages_userId_message_unq_idx` (`userId`,`message`)
) ENGINE=InnoDB DEFAULT CHARSET=utf8 COLLATE=utf8_unicode_ci;

DROP TABLE IF EXISTS `craft_structureelements`;


--
-- Schema for table `craft_structureelements`
--
CREATE TABLE `craft_structureelements` (
  `id` int(11) NOT NULL AUTO_INCREMENT,
  `structureId` int(11) NOT NULL,
  `elementId` int(11) DEFAULT NULL,
  `root` int(11) unsigned DEFAULT NULL,
  `lft` int(11) unsigned NOT NULL,
  `rgt` int(11) unsigned NOT NULL,
  `level` smallint(6) unsigned NOT NULL,
  `dateCreated` datetime NOT NULL,
  `dateUpdated` datetime NOT NULL,
  `uid` char(36) COLLATE utf8_unicode_ci NOT NULL DEFAULT '0',
  PRIMARY KEY (`id`),
  UNIQUE KEY `craft_structureelements_structureId_elementId_unq_idx` (`structureId`,`elementId`),
  KEY `craft_structureelements_root_idx` (`root`),
  KEY `craft_structureelements_lft_idx` (`lft`),
  KEY `craft_structureelements_rgt_idx` (`rgt`),
  KEY `craft_structureelements_level_idx` (`level`),
  KEY `craft_structureelements_elementId_fk` (`elementId`)
) ENGINE=InnoDB AUTO_INCREMENT=2 DEFAULT CHARSET=utf8 COLLATE=utf8_unicode_ci;

--
-- Data for table `craft_structureelements`
--

INSERT INTO `craft_structureelements` (`id`, `structureId`, `elementId`, `root`, `lft`, `rgt`, `level`, `dateCreated`, `dateUpdated`, `uid`) VALUES
 ('1', '1', NULL, '1', '1', '2', '0', '2015-08-17 21:38:24', '2015-08-17 21:38:24', 'c63c8a66-1e7c-4c99-945e-a89524f66115');




DROP TABLE IF EXISTS `craft_structures`;


--
-- Schema for table `craft_structures`
--
CREATE TABLE `craft_structures` (
  `id` int(11) NOT NULL AUTO_INCREMENT,
  `maxLevels` smallint(6) unsigned DEFAULT NULL,
  `dateCreated` datetime NOT NULL,
  `dateUpdated` datetime NOT NULL,
  `uid` char(36) COLLATE utf8_unicode_ci NOT NULL DEFAULT '0',
  PRIMARY KEY (`id`)
) ENGINE=InnoDB AUTO_INCREMENT=4 DEFAULT CHARSET=utf8 COLLATE=utf8_unicode_ci;

--
-- Data for table `craft_structures`
--

INSERT INTO `craft_structures` (`id`, `maxLevels`, `dateCreated`, `dateUpdated`, `uid`) VALUES
 ('1', NULL, '2015-08-17 21:36:55', '2015-08-17 21:36:55', 'c9170744-14c2-4510-a2ae-6c5f44d2f1d0'),
 ('2', NULL, '2015-08-17 22:06:17', '2015-08-17 22:06:17', '6acb37be-d59d-4565-bfe3-2f189fb898e5'),
 ('3', NULL, '2015-12-15 16:21:38', '2015-12-15 16:21:38', '328a97c1-737f-4cdf-8b70-b125b258c2f8');




DROP TABLE IF EXISTS `craft_systemsettings`;


--
-- Schema for table `craft_systemsettings`
--
CREATE TABLE `craft_systemsettings` (
  `id` int(11) NOT NULL AUTO_INCREMENT,
  `category` varchar(15) COLLATE utf8_unicode_ci NOT NULL,
  `settings` text COLLATE utf8_unicode_ci,
  `dateCreated` datetime NOT NULL,
  `dateUpdated` datetime NOT NULL,
  `uid` char(36) COLLATE utf8_unicode_ci NOT NULL DEFAULT '0',
  PRIMARY KEY (`id`),
  UNIQUE KEY `craft_systemsettings_category_unq_idx` (`category`)
) ENGINE=InnoDB AUTO_INCREMENT=2 DEFAULT CHARSET=utf8 COLLATE=utf8_unicode_ci;

--
-- Data for table `craft_systemsettings`
--

INSERT INTO `craft_systemsettings` (`id`, `category`, `settings`, `dateCreated`, `dateUpdated`, `uid`) VALUES
 ('1', 'email', '{\"protocol\":\"php\",\"emailAddress\":\"webadmin@appdirect.com\",\"senderName\":\"Careers\"}', '2015-08-06 15:34:19', '2015-08-06 15:34:19', '0f8f3d95-8b5e-4a91-9894-562c0dd1028e');




DROP TABLE IF EXISTS `craft_taggroups`;


--
-- Schema for table `craft_taggroups`
--
CREATE TABLE `craft_taggroups` (
  `id` int(11) NOT NULL AUTO_INCREMENT,
  `name` varchar(255) COLLATE utf8_unicode_ci NOT NULL,
  `handle` varchar(255) COLLATE utf8_unicode_ci NOT NULL,
  `fieldLayoutId` int(10) DEFAULT NULL,
  `dateCreated` datetime NOT NULL,
  `dateUpdated` datetime NOT NULL,
  `uid` char(36) COLLATE utf8_unicode_ci NOT NULL DEFAULT '0',
  PRIMARY KEY (`id`),
  UNIQUE KEY `craft_taggroups_name_unq_idx` (`name`),
  UNIQUE KEY `craft_taggroups_handle_unq_idx` (`handle`),
  KEY `craft_taggroups_fieldLayoutId_fk` (`fieldLayoutId`)
) ENGINE=InnoDB AUTO_INCREMENT=2 DEFAULT CHARSET=utf8 COLLATE=utf8_unicode_ci;

--
-- Data for table `craft_taggroups`
--

INSERT INTO `craft_taggroups` (`id`, `name`, `handle`, `fieldLayoutId`, `dateCreated`, `dateUpdated`, `uid`) VALUES
 ('1', 'Default', 'default', '1', '2015-08-06 15:34:19', '2015-08-06 15:34:19', 'b32ee1d3-5c8f-4cd4-873f-470f44f22bb8');




DROP TABLE IF EXISTS `craft_tags`;


--
-- Schema for table `craft_tags`
--
CREATE TABLE `craft_tags` (
  `id` int(11) NOT NULL,
  `groupId` int(11) NOT NULL,
  `dateCreated` datetime NOT NULL,
  `dateUpdated` datetime NOT NULL,
  `uid` char(36) COLLATE utf8_unicode_ci NOT NULL DEFAULT '0',
  PRIMARY KEY (`id`),
  KEY `craft_tags_groupId_fk` (`groupId`)
) ENGINE=InnoDB DEFAULT CHARSET=utf8 COLLATE=utf8_unicode_ci;

DROP TABLE IF EXISTS `craft_tasks`;


--
-- Schema for table `craft_tasks`
--
CREATE TABLE `craft_tasks` (
  `id` int(11) NOT NULL AUTO_INCREMENT,
  `root` int(11) unsigned DEFAULT NULL,
  `lft` int(11) unsigned NOT NULL,
  `rgt` int(11) unsigned NOT NULL,
  `level` smallint(6) unsigned NOT NULL,
  `currentStep` int(11) unsigned DEFAULT NULL,
  `totalSteps` int(11) unsigned DEFAULT NULL,
  `status` enum('pending','error','running') COLLATE utf8_unicode_ci DEFAULT NULL,
  `type` varchar(150) COLLATE utf8_unicode_ci NOT NULL,
  `description` varchar(255) COLLATE utf8_unicode_ci DEFAULT NULL,
  `settings` text COLLATE utf8_unicode_ci,
  `dateCreated` datetime NOT NULL,
  `dateUpdated` datetime NOT NULL,
  `uid` char(36) COLLATE utf8_unicode_ci NOT NULL DEFAULT '0',
  PRIMARY KEY (`id`),
  KEY `craft_tasks_root_idx` (`root`),
  KEY `craft_tasks_lft_idx` (`lft`),
  KEY `craft_tasks_rgt_idx` (`rgt`),
  KEY `craft_tasks_level_idx` (`level`)
) ENGINE=InnoDB AUTO_INCREMENT=24 DEFAULT CHARSET=utf8 COLLATE=utf8_unicode_ci;

DROP TABLE IF EXISTS `craft_templatecachecriteria`;


--
-- Schema for table `craft_templatecachecriteria`
--
CREATE TABLE `craft_templatecachecriteria` (
  `id` int(11) NOT NULL AUTO_INCREMENT,
  `cacheId` int(11) NOT NULL,
  `type` varchar(150) COLLATE utf8_unicode_ci NOT NULL,
  `criteria` text COLLATE utf8_unicode_ci NOT NULL,
  PRIMARY KEY (`id`),
  KEY `craft_templatecachecriteria_cacheId_fk` (`cacheId`),
  KEY `craft_templatecachecriteria_type_idx` (`type`)
) ENGINE=InnoDB DEFAULT CHARSET=utf8 COLLATE=utf8_unicode_ci;

DROP TABLE IF EXISTS `craft_templatecacheelements`;


--
-- Schema for table `craft_templatecacheelements`
--
CREATE TABLE `craft_templatecacheelements` (
  `cacheId` int(11) NOT NULL,
  `elementId` int(11) NOT NULL,
  KEY `craft_templatecacheelements_cacheId_fk` (`cacheId`),
  KEY `craft_templatecacheelements_elementId_fk` (`elementId`)
) ENGINE=InnoDB DEFAULT CHARSET=utf8 COLLATE=utf8_unicode_ci;

DROP TABLE IF EXISTS `craft_templatecaches`;


--
-- Schema for table `craft_templatecaches`
--
CREATE TABLE `craft_templatecaches` (
  `id` int(11) NOT NULL AUTO_INCREMENT,
  `cacheKey` varchar(255) COLLATE utf8_unicode_ci NOT NULL,
  `locale` char(12) COLLATE utf8_unicode_ci NOT NULL,
  `path` varchar(255) COLLATE utf8_unicode_ci DEFAULT NULL,
  `expiryDate` datetime NOT NULL,
  `body` mediumtext COLLATE utf8_unicode_ci NOT NULL,
  PRIMARY KEY (`id`),
  KEY `craft_templatecaches_expiryDate_cacheKey_locale_path_idx` (`expiryDate`,`cacheKey`,`locale`,`path`),
  KEY `craft_templatecaches_locale_fk` (`locale`)
) ENGINE=InnoDB DEFAULT CHARSET=utf8 COLLATE=utf8_unicode_ci;

DROP TABLE IF EXISTS `craft_tokens`;


--
-- Schema for table `craft_tokens`
--
CREATE TABLE `craft_tokens` (
  `id` int(11) NOT NULL AUTO_INCREMENT,
  `token` char(32) COLLATE utf8_unicode_ci NOT NULL,
  `route` text COLLATE utf8_unicode_ci,
  `usageLimit` tinyint(3) unsigned DEFAULT NULL,
  `usageCount` tinyint(3) unsigned DEFAULT NULL,
  `expiryDate` datetime NOT NULL,
  `dateCreated` datetime NOT NULL,
  `dateUpdated` datetime NOT NULL,
  `uid` char(36) COLLATE utf8_unicode_ci NOT NULL DEFAULT '0',
  PRIMARY KEY (`id`),
  UNIQUE KEY `craft_tokens_token_unq_idx` (`token`),
  KEY `craft_tokens_expiryDate_idx` (`expiryDate`)
) ENGINE=InnoDB DEFAULT CHARSET=utf8 COLLATE=utf8_unicode_ci;

DROP TABLE IF EXISTS `craft_usergroups`;


--
-- Schema for table `craft_usergroups`
--
CREATE TABLE `craft_usergroups` (
  `id` int(11) NOT NULL AUTO_INCREMENT,
  `name` varchar(255) COLLATE utf8_unicode_ci NOT NULL,
  `handle` varchar(255) COLLATE utf8_unicode_ci NOT NULL,
  `dateCreated` datetime NOT NULL,
  `dateUpdated` datetime NOT NULL,
  `uid` char(36) COLLATE utf8_unicode_ci NOT NULL DEFAULT '0',
  PRIMARY KEY (`id`)
) ENGINE=InnoDB DEFAULT CHARSET=utf8 COLLATE=utf8_unicode_ci;

DROP TABLE IF EXISTS `craft_usergroups_users`;


--
-- Schema for table `craft_usergroups_users`
--
CREATE TABLE `craft_usergroups_users` (
  `id` int(11) NOT NULL AUTO_INCREMENT,
  `groupId` int(11) NOT NULL,
  `userId` int(11) NOT NULL,
  `dateCreated` datetime NOT NULL,
  `dateUpdated` datetime NOT NULL,
  `uid` char(36) COLLATE utf8_unicode_ci NOT NULL DEFAULT '0',
  PRIMARY KEY (`id`),
  UNIQUE KEY `craft_usergroups_users_groupId_userId_unq_idx` (`groupId`,`userId`),
  KEY `craft_usergroups_users_userId_fk` (`userId`)
) ENGINE=InnoDB DEFAULT CHARSET=utf8 COLLATE=utf8_unicode_ci;

DROP TABLE IF EXISTS `craft_userpermissions`;


--
-- Schema for table `craft_userpermissions`
--
CREATE TABLE `craft_userpermissions` (
  `id` int(11) NOT NULL AUTO_INCREMENT,
  `name` varchar(255) COLLATE utf8_unicode_ci NOT NULL,
  `dateCreated` datetime NOT NULL,
  `dateUpdated` datetime NOT NULL,
  `uid` char(36) COLLATE utf8_unicode_ci NOT NULL DEFAULT '0',
  PRIMARY KEY (`id`),
  UNIQUE KEY `craft_userpermissions_name_unq_idx` (`name`)
) ENGINE=InnoDB DEFAULT CHARSET=utf8 COLLATE=utf8_unicode_ci;

DROP TABLE IF EXISTS `craft_userpermissions_usergroups`;


--
-- Schema for table `craft_userpermissions_usergroups`
--
CREATE TABLE `craft_userpermissions_usergroups` (
  `id` int(11) NOT NULL AUTO_INCREMENT,
  `permissionId` int(11) NOT NULL,
  `groupId` int(11) NOT NULL,
  `dateCreated` datetime NOT NULL,
  `dateUpdated` datetime NOT NULL,
  `uid` char(36) COLLATE utf8_unicode_ci NOT NULL DEFAULT '0',
  PRIMARY KEY (`id`),
  UNIQUE KEY `craft_userpermissions_usergroups_permissionId_groupId_unq_idx` (`permissionId`,`groupId`),
  KEY `craft_userpermissions_usergroups_groupId_fk` (`groupId`)
) ENGINE=InnoDB DEFAULT CHARSET=utf8 COLLATE=utf8_unicode_ci;

DROP TABLE IF EXISTS `craft_userpermissions_users`;


--
-- Schema for table `craft_userpermissions_users`
--
CREATE TABLE `craft_userpermissions_users` (
  `id` int(11) NOT NULL AUTO_INCREMENT,
  `permissionId` int(11) NOT NULL,
  `userId` int(11) NOT NULL,
  `dateCreated` datetime NOT NULL,
  `dateUpdated` datetime NOT NULL,
  `uid` char(36) COLLATE utf8_unicode_ci NOT NULL DEFAULT '0',
  PRIMARY KEY (`id`),
  UNIQUE KEY `craft_userpermissions_users_permissionId_userId_unq_idx` (`permissionId`,`userId`),
  KEY `craft_userpermissions_users_userId_fk` (`userId`)
) ENGINE=InnoDB DEFAULT CHARSET=utf8 COLLATE=utf8_unicode_ci;

DROP TABLE IF EXISTS `craft_users`;


--
-- Schema for table `craft_users`
--
CREATE TABLE `craft_users` (
  `id` int(11) NOT NULL,
  `username` varchar(100) COLLATE utf8_unicode_ci NOT NULL,
  `photo` varchar(100) COLLATE utf8_unicode_ci DEFAULT NULL,
  `firstName` varchar(100) COLLATE utf8_unicode_ci DEFAULT NULL,
  `lastName` varchar(100) COLLATE utf8_unicode_ci DEFAULT NULL,
  `email` varchar(255) COLLATE utf8_unicode_ci NOT NULL,
  `password` char(255) COLLATE utf8_unicode_ci DEFAULT NULL,
  `preferredLocale` char(12) COLLATE utf8_unicode_ci DEFAULT NULL,
  `weekStartDay` tinyint(1) unsigned NOT NULL DEFAULT '0',
  `admin` tinyint(1) unsigned NOT NULL DEFAULT '0',
  `client` tinyint(1) unsigned NOT NULL DEFAULT '0',
  `locked` tinyint(1) unsigned NOT NULL DEFAULT '0',
  `suspended` tinyint(1) unsigned NOT NULL DEFAULT '0',
  `pending` tinyint(1) unsigned NOT NULL DEFAULT '0',
  `archived` tinyint(1) unsigned NOT NULL DEFAULT '0',
  `lastLoginDate` datetime DEFAULT NULL,
  `lastLoginAttemptIPAddress` varchar(45) COLLATE utf8_unicode_ci DEFAULT NULL,
  `invalidLoginWindowStart` datetime DEFAULT NULL,
  `invalidLoginCount` tinyint(4) unsigned DEFAULT NULL,
  `lastInvalidLoginDate` datetime DEFAULT NULL,
  `lockoutDate` datetime DEFAULT NULL,
  `verificationCode` char(100) COLLATE utf8_unicode_ci DEFAULT NULL,
  `verificationCodeIssuedDate` datetime DEFAULT NULL,
  `unverifiedEmail` varchar(255) COLLATE utf8_unicode_ci DEFAULT NULL,
  `passwordResetRequired` tinyint(1) unsigned NOT NULL DEFAULT '0',
  `lastPasswordChangeDate` datetime DEFAULT NULL,
  `dateCreated` datetime NOT NULL,
  `dateUpdated` datetime NOT NULL,
  `uid` char(36) COLLATE utf8_unicode_ci NOT NULL DEFAULT '0',
  PRIMARY KEY (`id`),
  UNIQUE KEY `craft_users_username_unq_idx` (`username`),
  UNIQUE KEY `craft_users_email_unq_idx` (`email`),
  KEY `craft_users_verificationCode_idx` (`verificationCode`),
  KEY `craft_users_uid_idx` (`uid`),
  KEY `craft_users_preferredLocale_fk` (`preferredLocale`)
) ENGINE=InnoDB DEFAULT CHARSET=utf8 COLLATE=utf8_unicode_ci;

--
-- Data for table `craft_users`
--

INSERT INTO `craft_users` (`id`, `username`, `photo`, `firstName`, `lastName`, `email`, `password`, `preferredLocale`, `weekStartDay`, `admin`, `client`, `locked`, `suspended`, `pending`, `archived`, `lastLoginDate`, `lastLoginAttemptIPAddress`, `invalidLoginWindowStart`, `invalidLoginCount`, `lastInvalidLoginDate`, `lockoutDate`, `verificationCode`, `verificationCodeIssuedDate`, `unverifiedEmail`, `passwordResetRequired`, `lastPasswordChangeDate`, `dateCreated`, `dateUpdated`, `uid`) VALUES
 ('1', 'webadmin', NULL, NULL, NULL, 'webadmin@appdirect.com', '$2y$13$ne.V0nRroITvl0ES/BgJQOSDHo14/I4BDTUktYRn6uWKWebpEaosi', NULL, '0', '1', '0', '0', '0', '0', '0', '2015-12-23 18:19:44', '127.0.0.1', NULL, NULL, NULL, NULL, NULL, NULL, NULL, '0', '2015-08-06 15:34:17', '2015-08-06 15:34:17', '2015-12-23 18:19:44', '1390fa49-f071-446b-ba6d-653b8caba249');




DROP TABLE IF EXISTS `craft_widgets`;


--
-- Schema for table `craft_widgets`
--
CREATE TABLE `craft_widgets` (
  `id` int(11) NOT NULL AUTO_INCREMENT,
  `userId` int(11) NOT NULL,
  `type` varchar(150) COLLATE utf8_unicode_ci NOT NULL,
  `sortOrder` tinyint(4) DEFAULT NULL,
  `settings` text COLLATE utf8_unicode_ci,
  `enabled` tinyint(1) unsigned NOT NULL DEFAULT '1',
  `dateCreated` datetime NOT NULL,
  `dateUpdated` datetime NOT NULL,
  `uid` char(36) COLLATE utf8_unicode_ci NOT NULL DEFAULT '0',
  PRIMARY KEY (`id`),
  KEY `craft_widgets_userId_fk` (`userId`)
) ENGINE=InnoDB AUTO_INCREMENT=5 DEFAULT CHARSET=utf8 COLLATE=utf8_unicode_ci;

--
-- Data for table `craft_widgets`
--

INSERT INTO `craft_widgets` (`id`, `userId`, `type`, `sortOrder`, `settings`, `enabled`, `dateCreated`, `dateUpdated`, `uid`) VALUES
 ('1', '1', 'RecentEntries', '1', NULL, '1', '2015-08-06 15:34:21', '2015-08-06 15:34:21', 'debe0e7b-8e8c-4ba4-a86f-8a47cd55147f'),
 ('2', '1', 'GetHelp', '2', NULL, '1', '2015-08-06 15:34:21', '2015-08-06 15:34:21', '4a37a3ac-880a-4609-99bb-8bfb30b3ce4b'),
 ('3', '1', 'Updates', '3', NULL, '1', '2015-08-06 15:34:21', '2015-08-06 15:34:21', '5bf26d56-ddf8-4cd5-bd83-0052efcf26ff'),
 ('4', '1', 'Feed', '4', '{\"url\":\"http:\\/\\/feeds.feedburner.com\\/blogandtonic\",\"title\":\"Blog & Tonic\"}', '1', '2015-08-06 15:34:21', '2015-08-06 15:34:21', 'f4f04c35-bb42-4a17-9d10-47af4e98fd9c');



--
-- Constraints for tables
--


--
-- Constraints for table `craft_assetfiles`
--
ALTER TABLE `craft_assetfiles`
	ADD CONSTRAINT `craft_assetfiles_folderId_fk` FOREIGN KEY (`folderId`) REFERENCES `craft_assetfolders` (`id`) ON DELETE CASCADE,
	ADD CONSTRAINT `craft_assetfiles_id_fk` FOREIGN KEY (`id`) REFERENCES `craft_elements` (`id`) ON DELETE CASCADE,
	ADD CONSTRAINT `craft_assetfiles_sourceId_fk` FOREIGN KEY (`sourceId`) REFERENCES `craft_assetsources` (`id`) ON DELETE CASCADE;

--
-- Constraints for table `craft_assetfolders`
--
ALTER TABLE `craft_assetfolders`
	ADD CONSTRAINT `craft_assetfolders_parentId_fk` FOREIGN KEY (`parentId`) REFERENCES `craft_assetfolders` (`id`) ON DELETE CASCADE,
	ADD CONSTRAINT `craft_assetfolders_sourceId_fk` FOREIGN KEY (`sourceId`) REFERENCES `craft_assetsources` (`id`) ON DELETE CASCADE;

--
-- Constraints for table `craft_assetindexdata`
--
ALTER TABLE `craft_assetindexdata`
	ADD CONSTRAINT `craft_assetindexdata_sourceId_fk` FOREIGN KEY (`sourceId`) REFERENCES `craft_assetsources` (`id`) ON DELETE CASCADE;

--
-- Constraints for table `craft_assetsources`
--
ALTER TABLE `craft_assetsources`
	ADD CONSTRAINT `craft_assetsources_fieldLayoutId_fk` FOREIGN KEY (`fieldLayoutId`) REFERENCES `craft_fieldlayouts` (`id`) ON DELETE SET NULL;

--
-- Constraints for table `craft_categories`
--
ALTER TABLE `craft_categories`
	ADD CONSTRAINT `craft_categories_groupId_fk` FOREIGN KEY (`groupId`) REFERENCES `craft_categorygroups` (`id`) ON DELETE CASCADE,
	ADD CONSTRAINT `craft_categories_id_fk` FOREIGN KEY (`id`) REFERENCES `craft_elements` (`id`) ON DELETE CASCADE;

--
-- Constraints for table `craft_categorygroups`
--
ALTER TABLE `craft_categorygroups`
	ADD CONSTRAINT `craft_categorygroups_fieldLayoutId_fk` FOREIGN KEY (`fieldLayoutId`) REFERENCES `craft_fieldlayouts` (`id`) ON DELETE SET NULL,
	ADD CONSTRAINT `craft_categorygroups_structureId_fk` FOREIGN KEY (`structureId`) REFERENCES `craft_structures` (`id`) ON DELETE CASCADE;

--
-- Constraints for table `craft_categorygroups_i18n`
--
ALTER TABLE `craft_categorygroups_i18n`
	ADD CONSTRAINT `craft_categorygroups_i18n_groupId_fk` FOREIGN KEY (`groupId`) REFERENCES `craft_categorygroups` (`id`) ON DELETE CASCADE,
	ADD CONSTRAINT `craft_categorygroups_i18n_locale_fk` FOREIGN KEY (`locale`) REFERENCES `craft_locales` (`locale`) ON DELETE CASCADE ON UPDATE CASCADE;

--
-- Constraints for table `craft_content`
--
ALTER TABLE `craft_content`
	ADD CONSTRAINT `craft_content_elementId_fk` FOREIGN KEY (`elementId`) REFERENCES `craft_elements` (`id`) ON DELETE CASCADE,
	ADD CONSTRAINT `craft_content_locale_fk` FOREIGN KEY (`locale`) REFERENCES `craft_locales` (`locale`) ON DELETE CASCADE ON UPDATE CASCADE;

--
-- Constraints for table `craft_elements_i18n`
--
ALTER TABLE `craft_elements_i18n`
	ADD CONSTRAINT `craft_elements_i18n_elementId_fk` FOREIGN KEY (`elementId`) REFERENCES `craft_elements` (`id`) ON DELETE CASCADE,
	ADD CONSTRAINT `craft_elements_i18n_locale_fk` FOREIGN KEY (`locale`) REFERENCES `craft_locales` (`locale`) ON DELETE CASCADE ON UPDATE CASCADE;

--
-- Constraints for table `craft_emailmessages`
--
ALTER TABLE `craft_emailmessages`
	ADD CONSTRAINT `craft_emailmessages_locale_fk` FOREIGN KEY (`locale`) REFERENCES `craft_locales` (`locale`) ON DELETE CASCADE ON UPDATE CASCADE;

--
-- Constraints for table `craft_entries`
--
ALTER TABLE `craft_entries`
	ADD CONSTRAINT `craft_entries_authorId_fk` FOREIGN KEY (`authorId`) REFERENCES `craft_users` (`id`) ON DELETE CASCADE,
	ADD CONSTRAINT `craft_entries_id_fk` FOREIGN KEY (`id`) REFERENCES `craft_elements` (`id`) ON DELETE CASCADE,
	ADD CONSTRAINT `craft_entries_sectionId_fk` FOREIGN KEY (`sectionId`) REFERENCES `craft_sections` (`id`) ON DELETE CASCADE,
	ADD CONSTRAINT `craft_entries_typeId_fk` FOREIGN KEY (`typeId`) REFERENCES `craft_entrytypes` (`id`) ON DELETE CASCADE;

--
-- Constraints for table `craft_entrydrafts`
--
ALTER TABLE `craft_entrydrafts`
	ADD CONSTRAINT `craft_entrydrafts_creatorId_fk` FOREIGN KEY (`creatorId`) REFERENCES `craft_users` (`id`) ON DELETE CASCADE,
	ADD CONSTRAINT `craft_entrydrafts_entryId_fk` FOREIGN KEY (`entryId`) REFERENCES `craft_entries` (`id`) ON DELETE CASCADE,
	ADD CONSTRAINT `craft_entrydrafts_locale_fk` FOREIGN KEY (`locale`) REFERENCES `craft_locales` (`locale`) ON DELETE CASCADE ON UPDATE CASCADE,
	ADD CONSTRAINT `craft_entrydrafts_sectionId_fk` FOREIGN KEY (`sectionId`) REFERENCES `craft_sections` (`id`) ON DELETE CASCADE;

--
-- Constraints for table `craft_entrytypes`
--
ALTER TABLE `craft_entrytypes`
	ADD CONSTRAINT `craft_entrytypes_fieldLayoutId_fk` FOREIGN KEY (`fieldLayoutId`) REFERENCES `craft_fieldlayouts` (`id`) ON DELETE SET NULL,
	ADD CONSTRAINT `craft_entrytypes_sectionId_fk` FOREIGN KEY (`sectionId`) REFERENCES `craft_sections` (`id`) ON DELETE CASCADE;

--
-- Constraints for table `craft_entryversions`
--
ALTER TABLE `craft_entryversions`
	ADD CONSTRAINT `craft_entryversions_creatorId_fk` FOREIGN KEY (`creatorId`) REFERENCES `craft_users` (`id`) ON DELETE SET NULL,
	ADD CONSTRAINT `craft_entryversions_entryId_fk` FOREIGN KEY (`entryId`) REFERENCES `craft_entries` (`id`) ON DELETE CASCADE,
	ADD CONSTRAINT `craft_entryversions_locale_fk` FOREIGN KEY (`locale`) REFERENCES `craft_locales` (`locale`) ON DELETE CASCADE ON UPDATE CASCADE,
	ADD CONSTRAINT `craft_entryversions_sectionId_fk` FOREIGN KEY (`sectionId`) REFERENCES `craft_sections` (`id`) ON DELETE CASCADE;

--
-- Constraints for table `craft_fieldlayoutfields`
--
ALTER TABLE `craft_fieldlayoutfields`
	ADD CONSTRAINT `craft_fieldlayoutfields_fieldId_fk` FOREIGN KEY (`fieldId`) REFERENCES `craft_fields` (`id`) ON DELETE CASCADE,
	ADD CONSTRAINT `craft_fieldlayoutfields_layoutId_fk` FOREIGN KEY (`layoutId`) REFERENCES `craft_fieldlayouts` (`id`) ON DELETE CASCADE,
	ADD CONSTRAINT `craft_fieldlayoutfields_tabId_fk` FOREIGN KEY (`tabId`) REFERENCES `craft_fieldlayouttabs` (`id`) ON DELETE CASCADE;

--
-- Constraints for table `craft_fieldlayouttabs`
--
ALTER TABLE `craft_fieldlayouttabs`
	ADD CONSTRAINT `craft_fieldlayouttabs_layoutId_fk` FOREIGN KEY (`layoutId`) REFERENCES `craft_fieldlayouts` (`id`) ON DELETE CASCADE;

--
-- Constraints for table `craft_fields`
--
ALTER TABLE `craft_fields`
	ADD CONSTRAINT `craft_fields_groupId_fk` FOREIGN KEY (`groupId`) REFERENCES `craft_fieldgroups` (`id`) ON DELETE CASCADE;

--
-- Constraints for table `craft_globalsets`
--
ALTER TABLE `craft_globalsets`
	ADD CONSTRAINT `craft_globalsets_fieldLayoutId_fk` FOREIGN KEY (`fieldLayoutId`) REFERENCES `craft_fieldlayouts` (`id`) ON DELETE SET NULL,
	ADD CONSTRAINT `craft_globalsets_id_fk` FOREIGN KEY (`id`) REFERENCES `craft_elements` (`id`) ON DELETE CASCADE;

--
-- Constraints for table `craft_matrixblocks`
--
ALTER TABLE `craft_matrixblocks`
	ADD CONSTRAINT `craft_matrixblocks_fieldId_fk` FOREIGN KEY (`fieldId`) REFERENCES `craft_fields` (`id`) ON DELETE CASCADE,
	ADD CONSTRAINT `craft_matrixblocks_id_fk` FOREIGN KEY (`id`) REFERENCES `craft_elements` (`id`) ON DELETE CASCADE,
	ADD CONSTRAINT `craft_matrixblocks_ownerId_fk` FOREIGN KEY (`ownerId`) REFERENCES `craft_elements` (`id`) ON DELETE CASCADE,
	ADD CONSTRAINT `craft_matrixblocks_ownerLocale_fk` FOREIGN KEY (`ownerLocale`) REFERENCES `craft_locales` (`locale`) ON DELETE CASCADE ON UPDATE CASCADE,
	ADD CONSTRAINT `craft_matrixblocks_typeId_fk` FOREIGN KEY (`typeId`) REFERENCES `craft_matrixblocktypes` (`id`) ON DELETE CASCADE;

--
-- Constraints for table `craft_matrixblocktypes`
--
ALTER TABLE `craft_matrixblocktypes`
	ADD CONSTRAINT `craft_matrixblocktypes_fieldId_fk` FOREIGN KEY (`fieldId`) REFERENCES `craft_fields` (`id`) ON DELETE CASCADE,
	ADD CONSTRAINT `craft_matrixblocktypes_fieldLayoutId_fk` FOREIGN KEY (`fieldLayoutId`) REFERENCES `craft_fieldlayouts` (`id`) ON DELETE SET NULL;

--
-- Constraints for table `craft_matrixcontent_blocks`
--
ALTER TABLE `craft_matrixcontent_blocks`
	ADD CONSTRAINT `craft_matrixcontent_blocks_elementId_fk` FOREIGN KEY (`elementId`) REFERENCES `craft_elements` (`id`) ON DELETE CASCADE,
	ADD CONSTRAINT `craft_matrixcontent_blocks_locale_fk` FOREIGN KEY (`locale`) REFERENCES `craft_locales` (`locale`) ON DELETE CASCADE ON UPDATE CASCADE;

--
-- Constraints for table `craft_matrixcontent_hero`
--
ALTER TABLE `craft_matrixcontent_hero`
	ADD CONSTRAINT `craft_matrixcontent_hero_elementId_fk` FOREIGN KEY (`elementId`) REFERENCES `craft_elements` (`id`) ON DELETE CASCADE,
	ADD CONSTRAINT `craft_matrixcontent_hero_locale_fk` FOREIGN KEY (`locale`) REFERENCES `craft_locales` (`locale`) ON DELETE CASCADE ON UPDATE CASCADE;

--
-- Constraints for table `craft_migrations`
--
ALTER TABLE `craft_migrations`
	ADD CONSTRAINT `craft_migrations_pluginId_fk` FOREIGN KEY (`pluginId`) REFERENCES `craft_plugins` (`id`) ON DELETE CASCADE;

--
-- Constraints for table `craft_relations`
--
ALTER TABLE `craft_relations`
	ADD CONSTRAINT `craft_relations_fieldId_fk` FOREIGN KEY (`fieldId`) REFERENCES `craft_fields` (`id`) ON DELETE CASCADE,
	ADD CONSTRAINT `craft_relations_sourceId_fk` FOREIGN KEY (`sourceId`) REFERENCES `craft_elements` (`id`) ON DELETE CASCADE,
	ADD CONSTRAINT `craft_relations_sourceLocale_fk` FOREIGN KEY (`sourceLocale`) REFERENCES `craft_locales` (`locale`) ON DELETE CASCADE ON UPDATE CASCADE,
	ADD CONSTRAINT `craft_relations_targetId_fk` FOREIGN KEY (`targetId`) REFERENCES `craft_elements` (`id`) ON DELETE CASCADE;

--
-- Constraints for table `craft_routes`
--
ALTER TABLE `craft_routes`
	ADD CONSTRAINT `craft_routes_locale_fk` FOREIGN KEY (`locale`) REFERENCES `craft_locales` (`locale`) ON DELETE CASCADE ON UPDATE CASCADE;

--
-- Constraints for table `craft_sections`
--
ALTER TABLE `craft_sections`
	ADD CONSTRAINT `craft_sections_structureId_fk` FOREIGN KEY (`structureId`) REFERENCES `craft_structures` (`id`) ON DELETE SET NULL;

--
-- Constraints for table `craft_sections_i18n`
--
ALTER TABLE `craft_sections_i18n`
	ADD CONSTRAINT `craft_sections_i18n_locale_fk` FOREIGN KEY (`locale`) REFERENCES `craft_locales` (`locale`) ON DELETE CASCADE ON UPDATE CASCADE,
	ADD CONSTRAINT `craft_sections_i18n_sectionId_fk` FOREIGN KEY (`sectionId`) REFERENCES `craft_sections` (`id`) ON DELETE CASCADE;

--
-- Constraints for table `craft_sessions`
--
ALTER TABLE `craft_sessions`
	ADD CONSTRAINT `craft_sessions_userId_fk` FOREIGN KEY (`userId`) REFERENCES `craft_users` (`id`) ON DELETE CASCADE;

--
-- Constraints for table `craft_shunnedmessages`
--
ALTER TABLE `craft_shunnedmessages`
	ADD CONSTRAINT `craft_shunnedmessages_userId_fk` FOREIGN KEY (`userId`) REFERENCES `craft_users` (`id`) ON DELETE CASCADE;

--
-- Constraints for table `craft_structureelements`
--
ALTER TABLE `craft_structureelements`
	ADD CONSTRAINT `craft_structureelements_elementId_fk` FOREIGN KEY (`elementId`) REFERENCES `craft_elements` (`id`) ON DELETE CASCADE,
	ADD CONSTRAINT `craft_structureelements_structureId_fk` FOREIGN KEY (`structureId`) REFERENCES `craft_structures` (`id`) ON DELETE CASCADE;

--
-- Constraints for table `craft_taggroups`
--
ALTER TABLE `craft_taggroups`
	ADD CONSTRAINT `craft_taggroups_fieldLayoutId_fk` FOREIGN KEY (`fieldLayoutId`) REFERENCES `craft_fieldlayouts` (`id`) ON DELETE SET NULL;

--
-- Constraints for table `craft_tags`
--
ALTER TABLE `craft_tags`
	ADD CONSTRAINT `craft_tags_groupId_fk` FOREIGN KEY (`groupId`) REFERENCES `craft_taggroups` (`id`) ON DELETE CASCADE,
	ADD CONSTRAINT `craft_tags_id_fk` FOREIGN KEY (`id`) REFERENCES `craft_elements` (`id`) ON DELETE CASCADE;

--
-- Constraints for table `craft_templatecachecriteria`
--
ALTER TABLE `craft_templatecachecriteria`
	ADD CONSTRAINT `craft_templatecachecriteria_cacheId_fk` FOREIGN KEY (`cacheId`) REFERENCES `craft_templatecaches` (`id`) ON DELETE CASCADE;

--
-- Constraints for table `craft_templatecacheelements`
--
ALTER TABLE `craft_templatecacheelements`
	ADD CONSTRAINT `craft_templatecacheelements_cacheId_fk` FOREIGN KEY (`cacheId`) REFERENCES `craft_templatecaches` (`id`) ON DELETE CASCADE,
	ADD CONSTRAINT `craft_templatecacheelements_elementId_fk` FOREIGN KEY (`elementId`) REFERENCES `craft_elements` (`id`) ON DELETE CASCADE;

--
-- Constraints for table `craft_templatecaches`
--
ALTER TABLE `craft_templatecaches`
	ADD CONSTRAINT `craft_templatecaches_locale_fk` FOREIGN KEY (`locale`) REFERENCES `craft_locales` (`locale`) ON DELETE CASCADE ON UPDATE CASCADE;

--
-- Constraints for table `craft_usergroups_users`
--
ALTER TABLE `craft_usergroups_users`
	ADD CONSTRAINT `craft_usergroups_users_groupId_fk` FOREIGN KEY (`groupId`) REFERENCES `craft_usergroups` (`id`) ON DELETE CASCADE,
	ADD CONSTRAINT `craft_usergroups_users_userId_fk` FOREIGN KEY (`userId`) REFERENCES `craft_users` (`id`) ON DELETE CASCADE;

--
-- Constraints for table `craft_userpermissions_usergroups`
--
ALTER TABLE `craft_userpermissions_usergroups`
	ADD CONSTRAINT `craft_userpermissions_usergroups_groupId_fk` FOREIGN KEY (`groupId`) REFERENCES `craft_usergroups` (`id`) ON DELETE CASCADE,
	ADD CONSTRAINT `craft_userpermissions_usergroups_permissionId_fk` FOREIGN KEY (`permissionId`) REFERENCES `craft_userpermissions` (`id`) ON DELETE CASCADE;

--
-- Constraints for table `craft_userpermissions_users`
--
ALTER TABLE `craft_userpermissions_users`
	ADD CONSTRAINT `craft_userpermissions_users_permissionId_fk` FOREIGN KEY (`permissionId`) REFERENCES `craft_userpermissions` (`id`) ON DELETE CASCADE,
	ADD CONSTRAINT `craft_userpermissions_users_userId_fk` FOREIGN KEY (`userId`) REFERENCES `craft_users` (`id`) ON DELETE CASCADE;

--
-- Constraints for table `craft_users`
--
ALTER TABLE `craft_users`
	ADD CONSTRAINT `craft_users_id_fk` FOREIGN KEY (`id`) REFERENCES `craft_elements` (`id`) ON DELETE CASCADE,
	ADD CONSTRAINT `craft_users_preferredLocale_fk` FOREIGN KEY (`preferredLocale`) REFERENCES `craft_locales` (`locale`) ON DELETE SET NULL ON UPDATE CASCADE;

--
-- Constraints for table `craft_widgets`
--
ALTER TABLE `craft_widgets`
	ADD CONSTRAINT `craft_widgets_userId_fk` FOREIGN KEY (`userId`) REFERENCES `craft_users` (`id`) ON DELETE CASCADE;

SET FOREIGN_KEY_CHECKS = 1;
